,year,month,min,max,mean,median,std
0,1895,1,242.8939972,771.1890259,484.6737567,475.5295105,146.7018071
0,1895,2,59.50500107,147.2039948,110.8970122,111.2164993,25.87253835
0,1895,3,58.88100052,182.7480011,114.8050855,113.9844971,32.31197757
0,1895,4,45.40800095,138.6759949,83.89719516,82.95800018,22.08861613
0,1895,5,36.4659996,194.621994,100.074098,92.56800079,44.78732331
0,1895,6,0,0,0,0,0
0,1895,7,0.372999996,13.97700024,2.274768299,1.298500001,2.472311062
0,1895,8,0,11.22500038,0.339695128,0,1.581735939
0,1895,9,23.55599976,154.5540009,66.11443903,61.75799942,31.01609538
0,1895,10,5.407999992,6.875999928,6.09487804,6.133499861,0.391187362
0,1895,11,44.31499863,75.72200012,57.21992688,55.60649872,7.788228847
0,1895,12,42.04399872,169.3529968,103.1166587,100.364502,33.87395162
0,1896,1,237.621994,701.4260254,443.2249901,434.2850037,126.0860523
0,1896,2,6.936999798,20.60700035,14.45114632,14.4550004,3.906789528
0,1896,3,92.90000153,282.4320068,177.8956825,178.3349991,48.73832333
0,1896,4,157.7810059,493.3269958,304.8439385,299.3535004,85.03727769
0,1896,5,39.25099945,191.6499939,94.27974375,81.45800018,40.32778472
0,1896,6,0,2.579999924,0.044329267,0,0.296879169
0,1896,7,0,35.64500046,3.879560966,0.770000011,6.743924415
0,1896,8,8.987999916,10.24600029,9.629402451,9.605500221,0.266883925
0,1896,9,7.434000015,31.52199936,15.21081705,13.6795001,5.634658028
0,1896,10,26.11899948,47.03900146,37.83354869,38.04150009,5.720901349
0,1896,11,136.9629974,407.2950134,262.1005604,250.3030014,70.23424416
0,1896,12,57.79700089,217.2830048,135.5675851,133.1299973,42.43759533
0,1897,1,93.06400299,152.947998,121.6054632,122.1100006,16.68205785
0,1897,2,152.0930023,411.2479858,298.3762802,306.7265015,81.08037844
0,1897,3,117.5650024,337.3869934,210.4136583,203.947998,53.79785392
0,1897,4,14.77499962,65.81800079,34.1672927,32.44800186,11.99726313
0,1897,5,8.977999687,30.37999916,17.94937811,17.38400078,6.084902232
0,1897,6,5.355999947,55.22900009,28.26929269,24.10949993,15.41895247
0,1897,7,0,6.986000061,0.144780488,0,0.870271338
0,1897,8,0.991999984,5.586999893,1.351756099,1.1875,0.630151655
0,1897,9,2.026000023,15.24600029,6.150719518,5.320499897,3.213213802
0,1897,10,51.70100021,100.5410004,72.87446366,69.91250229,12.20743377
0,1897,11,25.9279995,148.6130066,86.75803652,86.7195015,33.04499643
0,1897,12,45.94400024,162.9259949,106.5199873,109.7469978,33.05627797
0,1898,1,25.41699982,65.6760025,43.10465878,41.9204998,9.991880211
0,1898,2,76.44499969,214.9859924,146.3724636,139.0295029,38.07804382
0,1898,3,12.25399971,90.42099762,48.46864646,48.88400078,21.35683431
0,1898,4,11.36699963,40.97900009,23.0140609,22.46800041,7.066764969
0,1898,5,41.6570015,112.3700027,68.48193913,63.97449875,18.97176882
0,1898,6,6.611000061,52.98699951,27.14647559,22.56999969,15.02596401
0,1898,7,0,6.565999985,0.121841463,0,0.785893933
0,1898,8,0,7.376999855,0.111841461,0,0.827340396
0,1898,9,11.80099964,23.94499969,18.28439023,18.24050045,3.342674998
0,1898,10,19.33300018,72.04799652,45.84984126,44.83499908,13.77676426
0,1898,11,28.97200012,122.302002,72.00921926,67.53100204,24.13577106
0,1898,12,46.89899826,79.20600128,61.93784128,62.03100014,9.314491675
0,1899,1,116.9380035,322.0679932,201.776451,192.7439957,51.68755587
0,1899,2,8.704000473,35.06299973,23.13101224,23.50099945,6.515064633
0,1899,3,197.8430023,563.3060303,363.4015129,365.614502,97.09209804
0,1899,4,18.87199974,62.98899841,39.05960967,40.65399933,11.71158345
0,1899,5,28.95400047,99.34300232,56.06865871,51.59399986,19.216021
0,1899,6,10.65699959,33.4109993,21.93325609,19.99950027,7.782144725
0,1899,7,0,0,0,0,0
0,1899,8,1.095000029,38.10800171,4.521134138,2.968999982,5.438013553
0,1899,9,0,14.65400028,3.078158532,0,4.192992614
0,1899,10,116.7740021,299.5270081,204.0275002,197.677002,50.1311938
0,1899,11,111.5510025,339.29599,220.4548171,213.3705063,60.75618482
0,1899,12,89.30500031,308.303009,200.555829,203.9095001,61.14743823
0,1900,1,93.72699738,171.1080017,119.1360736,113.3764992,21.12762622
0,1900,2,20.11499977,104.0680008,70.64806078,70.78299713,22.92429131
0,1900,3,63.92599869,219.147995,134.8923168,137.5279999,36.45251228
0,1900,4,62.85900116,183.2319946,111.1463054,108.2304993,28.79987178
0,1900,5,32.52899933,53.89500046,41.42751229,40.48550034,5.77016011
0,1900,6,0.120999999,9.534000397,4.117902429,3.592999935,2.553813312
0,1900,7,0,6.955999851,0.138780486,0,0.85976286
0,1900,8,0,3.542000055,0.043743903,0,0.388726501
0,1900,9,2.053999901,31.82799911,11.62625608,9.697000027,7.24298132
0,1900,10,46.42900085,230.2579956,135.049293,129.6534958,45.54450645
0,1900,11,131.1369934,327.9389954,231.9511843,241.2315063,55.6434512
0,1900,12,37.70899963,124.7809982,77.20192653,73.03750229,22.62146711
0,1901,1,117.2289963,397.1130066,245.840024,243.475502,76.30585493
0,1901,2,149.7230072,291.7479858,227.5210476,226.5465012,41.80834797
0,1901,3,19.07999992,88.93800354,51.94131709,51.70750046,17.75386868
0,1901,4,77.78700256,211.9429932,130.1329881,128.0530014,31.96670738
0,1901,5,22.30800056,56.19499969,37.94260986,38.24450111,10.50964465
0,1901,6,0,1.161999941,0.037585365,0,0.15456918
0,1901,7,0,0,0,0,0
0,1901,8,0,14.34500027,0.428975614,0,1.987169148
0,1901,9,11.33699989,200.2870026,78.41580492,72.61849976,46.97974755
0,1901,10,45.21300125,109.2590027,74.0731705,71.18549728,17.93010033
0,1901,11,79.75900269,177.0919952,122.6833774,117.581501,25.23079762
0,1901,12,36.97200012,141.2830048,88.34358546,89.37400055,28.79343182
0,1902,1,25.48900032,68.71399689,44.43523179,43.03199959,10.89606056
0,1902,2,196.5169983,460.3139954,327.7516587,311.7514954,69.18777983
0,1902,3,86.36799622,224.2590027,148.4583407,147.6315002,35.74859139
0,1902,4,51.95299911,184.3450012,107.3512194,106.4715004,32.40019615
0,1902,5,31.13599968,81.93000031,51.36647557,49.56849861,14.65018306
0,1902,6,1.006999969,16.22699928,7.978951181,7.090999842,5.339521364
0,1902,7,0,0,0,0,0
0,1902,8,0,9.095999718,0.205134145,0,1.125715101
0,1902,9,0,0,0,0,0
0,1902,10,45.94499969,190.0079956,113.4170851,109.7905006,34.63221106
0,1902,11,67.43800354,263.9549866,161.7792072,155.4960022,51.72410696
0,1902,12,72.43299866,197.3309937,128.8865978,125.7845001,34.78029703
0,1903,1,116.737999,454.5390015,272.907074,271.1095123,91.72756389
0,1903,2,41.44800186,85.67700195,65.01429274,65.10749817,12.26717237
0,1903,3,189.4420013,411.7810059,286.6882441,286.1285095,56.87079923
0,1903,4,19.54400063,47.96099854,31.03704885,30.87849998,6.704991601
0,1903,5,0,27.29999924,11.24068295,10.80499983,8.109121364
0,1903,6,0,0.119000003,0.00147561,0,0.013059177
0,1903,7,0,0,0,0,0
0,1903,8,0,0.188999996,0.002304878,0,0.020743902
0,1903,9,0,0,0,0,0
0,1903,10,4.471000195,51.50999832,26.4963781,24.21899986,11.16642299
0,1903,11,127.0820007,472.2109985,289.3626344,272.8739929,91.17717332
0,1903,12,36.8409996,95.51999664,64.28954878,62.78549957,15.50280819
0,1904,1,29.35499954,163.5570068,96.2453784,103.2910004,38.98336164
0,1904,2,180.7460022,586.1220093,406.695062,406.9640045,115.221587
0,1904,3,204.0879974,649.4140015,408.2941969,411.7534943,114.315679
0,1904,4,54.63899994,188.9579926,110.2835116,109.581501,31.55391203
0,1904,5,4.777999878,27.71899986,13.09281716,10.66649961,6.583225755
0,1904,6,0,0,0,0,0
0,1904,7,0,2.005000114,0.024451221,0,0.220060988
0,1904,8,2.242000103,33.93899918,4.144512179,2.863499999,4.372728037
0,1904,9,76.18000031,180.1289978,116.088695,114.4365005,28.05735696
0,1904,10,65.38300323,276.368988,171.6043178,168.6470032,56.78768984
0,1904,11,53.30699921,93.48899841,68.36315848,66.08699799,10.20200394
0,1904,12,49.82799911,187.1210022,115.258939,111.7139969,35.64221243
0,1905,1,90.22899628,199.5619965,132.489744,125.9355011,26.03765116
0,1905,2,74.94100189,152.8130035,117.2784506,116.4119987,22.35626996
0,1905,3,116.8150024,325.4450073,212.2921699,214.8174973,53.35146089
0,1905,4,37.00600052,95.8219986,60.02070776,58.38599968,13.90164378
0,1905,5,64.18199921,101.7109985,79.31324368,77.21500015,10.84047612
0,1905,6,0,0.691999972,0.008439024,0,0.075951216
0,1905,7,0,0,0,0,0
0,1905,8,0,15.88899994,0.543524384,0,2.284737006
0,1905,9,0.001,10.31999969,3.411987796,3.068999887,2.574758207
0,1905,10,0,0,0,0,0
0,1905,11,39.51499939,94.46499634,67.35237782,67.41450119,14.61000062
0,1905,12,29.12899971,98.72299957,64.58591438,65.48350143,19.46274869
0,1906,1,200.1519928,714.1810303,436.1003161,430.8320007,139.9743536
0,1906,2,112.362999,263.0369873,198.1822687,198.6705017,44.59756777
0,1906,3,228.8059998,587.4279785,389.1967567,387.2230072,95.95262127
0,1906,4,50.56800079,184.473999,110.4419635,113.7534981,41.94135128
0,1906,5,81.04499817,307.9750061,177.2831345,168.3805008,65.95282274
0,1906,6,19.66900063,89.36699677,52.20506082,45.38349915,24.22515955
0,1906,7,0,7.100999832,0.137536585,0,0.845793022
0,1906,8,0,27.52400017,1.05191463,0,3.992394396
0,1906,9,0,22.08300018,8.852170733,8.215500355,4.90100756
0,1906,10,0,7.047999859,1.149060967,0,2.195345952
0,1906,11,37.49700165,111.598999,66.57342725,63.29099846,19.00380464
0,1906,12,251.3690033,484.776001,368.3712439,367.3625031,56.77605978
0,1907,1,122.7170029,348.3190002,220.1748783,228.4140015,69.16416488
0,1907,2,103.2770004,255.8410034,199.8068416,204.1399994,39.88910962
0,1907,3,279.4890137,803.5969849,530.3056205,531.0074768,137.2436594
0,1907,4,15.4460001,93.47399902,48.8850733,49.34600067,20.05063264
0,1907,5,7.772999763,70.26499939,32.80980483,31.74349976,19.01442629
0,1907,6,28.18099976,135.3359985,75.25458541,62.43099976,35.09841914
0,1907,7,0,28.90800095,1.884048777,0,5.070616957
0,1907,8,0,5.754000187,0.076719514,0,0.633337893
0,1907,9,0,0.224999994,0.002743902,0,0.024695121
0,1907,10,14.21899986,37.86100006,25.5326707,25.86450005,6.951908981
0,1907,11,2.388000011,11.26799965,6.394414634,6.557499886,1.741188243
0,1907,12,109.848999,312.2049866,206.1931098,202.4260025,53.86037468
0,1908,1,106.3160019,173.6999969,132.9033293,130.9559937,16.82760661
0,1908,2,62.35300064,108.5339966,84.51718302,83.22050095,12.14134878
0,1908,3,23.14100075,100.7389984,54.37325587,52.94249916,19.54567488
0,1908,4,8.305999756,47.44499969,25.13431719,25.70250034,9.668026902
0,1908,5,39.3030014,193.3370056,100.2862807,93.33050156,41.2165676
0,1908,6,0,12.44999981,5.345329251,4.181000113,4.309017449
0,1908,7,0,8.260000229,0.205487807,0,1.084880522
0,1908,8,0,0,0,0,0
0,1908,9,1.371000051,38.36600113,13.95259761,11.73500013,9.010295337
0,1908,10,17.07699966,116.7949982,67.31492661,63.74650192,24.79231827
0,1908,11,38.00299835,98.67500305,65.22478048,64.04699898,17.69300688
0,1908,12,51.77000046,88.28199768,66.92846317,66.17950058,9.086380183
0,1909,1,318.1499939,1038.052002,661.5682209,657.2404785,197.5352397
0,1909,2,170.4190063,324.1210022,250.6913175,253.4409943,46.24525984
0,1909,3,71.60099792,182.6609955,122.7231706,125.8549995,29.64746572
0,1909,4,0,9.901000023,2.695524382,0.3605,3.169310512
0,1909,5,0,27.39999962,9.480048796,8.976500034,8.446307646
0,1909,6,3.112999916,17.01799965,9.283365863,7.894500017,4.736828224
0,1909,7,0,0,0,0,0
0,1909,8,0,0,0,0,0
0,1909,9,4.521999836,6.528999805,5.6204756,5.651000023,0.524293595
0,1909,10,29.70700073,127.5630035,77.3216951,75.29100037,25.69072143
0,1909,11,68.98100281,361.4150085,205.5531105,203.875,84.18324487
0,1909,12,136.6109924,359.3280029,247.353281,250.6344986,64.70175613
0,1910,1,97.79699707,328.1090088,202.8242073,198.0755005,58.59566974
0,1910,2,55.17499924,156.9819946,116.886878,116.5275002,27.48285698
0,1910,3,90.91300201,199.9589996,143.0116108,143.6570053,24.80542031
0,1910,4,14.27799988,74.59899902,39.5015853,40.41550064,15.02484119
0,1910,5,0.004,14.93500042,6.343792693,5.622500181,3.980354447
0,1910,6,0,0,0,0,0
0,1910,7,0,21.1779995,1.154621948,0,3.675410657
0,1910,8,0,0,0,0,0
0,1910,9,4.521999836,86.46199799,33.94790237,32.43449974,20.23116206
0,1910,10,19.36899948,65.33699799,40.61707311,39.27599907,12.48649715
0,1910,11,18.20599937,120.1190033,69.70714641,70.72200012,27.41054783
0,1910,12,46.39300156,144.2769928,90.62228059,89.4414978,27.95766727
0,1911,1,414.5880127,1115.453003,757.3760071,751.5450134,196.3456075
0,1911,2,77.21800232,179.4730072,142.2538659,146.6930008,23.98870198
0,1911,3,115.7850037,335.0090027,215.1755003,216.2069931,62.0848431
0,1911,4,41.3769989,185.1679993,99.54029209,101.8740005,37.90304623
0,1911,5,6.181000233,52.09500122,24.47020737,23.44449997,13.24240034
0,1911,6,0,18.55699921,7.554414611,5.611999989,6.114287526
0,1911,7,0,11.30000019,0.437000001,0,1.77533473
0,1911,8,0,0,0,0,0
0,1911,9,0,9.75,2.773012195,1.869000018,2.834607489
0,1911,10,7.712999821,40.65599823,23.7599145,23.78250027,8.522348329
0,1911,11,15.82900047,81.16899872,45.0211221,41.71899986,16.9287903
0,1911,12,36.52999878,115.9810028,71.70413408,70.99000168,25.19237723
0,1912,1,77.14800262,214.0160065,133.4816824,128.7294998,34.2624006
0,1912,2,3.467000008,18.35400009,7.133670746,6.01850009,3.276455393
0,1912,3,74.71900177,231.6909943,140.6641582,140.9949951,45.79991872
0,1912,4,66.2440033,199.8480072,121.997146,117.5809975,30.23093814
0,1912,5,43.79999924,187.477005,102.940256,97.49599838,39.91033185
0,1912,6,0.017000001,49.01499939,25.48034144,22.79799938,14.05145781
0,1912,7,0,12.03899956,0.614646341,0,2.143017756
0,1912,8,0,0,0,0,0
0,1912,9,38.13899994,125.6470032,73.26545166,71.35000229,21.66155911
0,1912,10,17.14100075,64.72899628,40.24730494,38.70300102,13.3151502
0,1912,11,47.56700134,173.8220062,107.4136832,102.3274994,33.15544791
0,1912,12,22.73500061,93.76699829,56.82407305,57.07349968,18.48270715
0,1913,1,97.03099823,297.4530029,194.8358045,200.4680023,55.5133376
0,1913,2,5.839000225,31.37899971,17.62970729,16.96750069,6.50579594
0,1913,3,46.49300003,110.0419998,72.94137792,71.04399872,17.18137753
0,1913,4,28.4090004,118.7699966,67.57023155,68.03549957,22.28983511
0,1913,5,28.25300026,105.935997,60.97432918,59.98800087,22.06170001
0,1913,6,0.531000018,67.55400085,25.24821966,17.36749935,21.00180637
0,1913,7,0.103,83.65599823,10.38045125,3.4375,15.65913426
0,1913,8,0,29.7689991,1.779268262,0,4.514483155
0,1913,9,0,0,0,0,0
0,1913,10,0,0,0,0,0
0,1913,11,109.6969986,166.2960052,132.1093904,128.4369965,16.97761793
0,1913,12,128.6439972,341.6099854,234.1294009,231.2425003,57.13216388
0,1914,1,258.1409912,714.7789917,469.9666588,473.7985077,129.2062748
0,1914,2,97.66000366,195.503006,157.660451,161.2954941,29.02581272
0,1914,3,21.12000084,47.74300003,31.90512199,31.71100044,7.559825166
0,1914,4,30.5189991,164.8430023,92.79064697,97.34949875,37.68999386
0,1914,5,13.02499962,65.48799896,33.24995121,30.3010006,14.38942785
0,1914,6,24.5529995,78.08499908,51.19563417,46.47200012,16.34128988
0,1914,7,0,0,0,0,0
0,1914,8,0,6.708000183,0.097975612,0,0.747331174
0,1914,9,0,14.11900043,3.089243891,1.582000017,3.555709894
0,1914,10,30.63100052,91.27500153,60.97452443,59.76249886,17.06499626
0,1914,11,7.914999962,29.05800056,16.34621959,14.92600012,5.429491068
0,1914,12,130.4609985,174.8040009,150.4847803,148.9049988,12.24364447
0,1915,1,127.2160034,343.0700073,220.4263527,214.0214996,57.11691718
0,1915,2,178.6869965,459.8160095,338.6676092,341.3139954,80.38532456
0,1915,3,42.18000031,89.65699768,61.02021985,59.22999954,13.34973309
0,1915,4,29.22200012,94.45899963,58.47790237,60.35149956,16.20563104
0,1915,5,98.66899872,351.8240051,203.6506825,193.5544968,76.07320293
0,1915,6,0,0,0,0,0
0,1915,7,0,5.222000122,0.069890245,0,0.575175745
0,1915,8,0,0,0,0,0
0,1915,9,0.338,8.298999786,3.516999999,2.969500065,1.982155656
0,1915,10,0,0,0,0,0
0,1915,11,22.87700081,78.91500092,49.98718269,50.29850006,14.19153889
0,1915,12,142.1820068,276.1679993,209.7760002,211.1955032,36.48705278
0,1916,1,292.9339905,766.5700073,510.5413268,504.4595032,124.7107921
0,1916,2,87.58799744,219.1900024,161.0873418,161.1759949,37.90146864
0,1916,3,57.24100113,236.4340057,142.2344023,146.7630005,47.46191042
0,1916,4,7.454999924,47.61100006,25.64702433,26.28149986,10.5377814
0,1916,5,8.163999557,54.89099884,27.09875606,24.95750046,13.22470249
0,1916,6,0,0,0,0,0
0,1916,7,0.51700002,8.295999527,3.542878046,3.513499975,1.790336493
0,1916,8,1.613999963,23.57099915,3.279219507,2.25,3.162436196
0,1916,9,3.513999939,31.67099953,13.98134139,13.44500017,6.646852138
0,1916,10,28.70999908,157.2089996,89.73151235,87.92350006,36.44694397
0,1916,11,29.97400093,126.0950012,71.57576801,69.5719986,28.68862718
0,1916,12,114.9339981,339.3789978,226.4804153,226.9104996,63.44138879
0,1917,1,43.88399887,126.6439972,79.33599988,78.01250076,22.94559589
0,1917,2,135.0370026,379.0740051,274.6569506,278.6529999,68.1869394
0,1917,3,31.75900078,136.5399933,81.52329275,83.3484993,27.48862713
0,1917,4,30.18799973,138.4519958,72.97958544,69.5739975,25.40272227
0,1917,5,7.156000137,40.42300034,20.22762191,18.91649914,10.72988022
0,1917,6,0,0,0,0,0
0,1917,7,0,25.80599976,1.779731733,0,4.719555226
0,1917,8,0,6.638999939,0.101878048,0,0.746791544
0,1917,9,4.599999905,6.090000153,5.319158519,5.274499893,0.377723214
0,1917,10,0,0,0,0,0
0,1917,11,17.64599991,48.9129982,32.21992679,31.10949993,7.600523709
0,1917,12,28.22500038,104.4199982,67.11097559,66.22100067,19.6391246
0,1918,1,25.39900017,50.5340004,36.33404878,35.82799911,5.835958977
0,1918,2,133.8910065,376.7409973,282.2726459,288,66.57823875
0,1918,3,143.4900055,461.2539978,299.9487312,311.6430054,83.74806493
0,1918,4,24.94400024,72.64199829,43.71836579,44.67150116,10.7697007
0,1918,5,5.263999939,33.70999908,17.10459752,15.98300028,8.246160047
0,1918,6,0,4.360000134,0.322536588,0,0.769512147
0,1918,7,0,15.30900002,0.708353662,0,2.559109973
0,1918,8,0,3.191999912,0.043524389,0,0.351200136
0,1918,9,99.16600037,111.9540024,102.4043418,101.2685013,2.781751996
0,1918,10,9.333000183,99.93599701,55.42903666,53.74099922,24.20609726
0,1918,11,62.79399872,147.6130066,102.9571828,99.37549973,23.2748072
0,1918,12,47.07500076,75.51200104,60.83608567,61.29049873,8.041372944
0,1919,1,47.98199844,129.6150055,84.43373168,84.18700027,19.82369056
0,1919,2,210.9049988,479.8940125,374.1229877,378.3170013,71.1078684
0,1919,3,72.00800323,197.1040039,131.7455732,131.7494965,29.97406858
0,1919,4,7.318999767,31.78800011,16.41017076,15.53849983,5.510211681
0,1919,5,0,11.94699955,4.002512199,2.503500104,4.014043113
0,1919,6,0,0,0,0,0
0,1919,7,0,0,0,0,0
0,1919,8,0,0,0,0,0
0,1919,9,14.25399971,58.30400085,35.52078053,35.55999947,11.50306349
0,1919,10,3.871999979,31.65399933,17.5411463,16.69649982,7.967573496
0,1919,11,4.80700016,38.36500168,19.63206102,18.5340004,8.667677148
0,1919,12,90.33699799,257.1199951,176.874573,179.1490021,40.818928
0,1920,1,9.770999908,56.13999939,31.94158538,31.95950031,12.37237061
0,1920,2,25.15600014,102.6279984,67.57346325,68.35549927,20.11123764
0,1920,3,148.8630066,425.0140076,284.8876335,291.2489929,69.02914288
0,1920,4,72.9980011,261.9190063,146.8057928,142.5094986,45.45926005
0,1920,5,0,4.434999943,0.500036583,0,0.79458776
0,1920,6,8.829999924,55.29100037,31.88573193,29.15200043,14.36493191
0,1920,7,0,14.56400013,0.749548778,0,2.535321976
0,1920,8,0.922999978,34.95199966,9.654073158,9.116499901,6.064251527
0,1920,9,0.254000008,19.06699944,5.986963417,5.373500109,4.099975424
0,1920,10,51.20700073,214.4669952,134.856927,135.2464981,44.23752541
0,1920,11,97.94300079,298.9410095,192.8567817,187.3904953,50.44318575
0,1920,12,134.6840057,344.2850037,234.4740132,229.8580017,56.18279217
0,1921,1,140.0769958,426.803009,269.8589749,268.0579987,75.57815198
0,1921,2,33.45100021,137.2969971,95.21368334,96.79000092,29.36996159
0,1921,3,56.70399857,197.6649933,122.3779391,123.1689987,35.23242597
0,1921,4,11.03199959,33.41699982,20.44439022,20.30650043,6.227347397
0,1921,5,34.75999832,119.5439987,69.2264509,67.31399918,21.27445664
0,1921,6,1.067000031,25.88199997,10.9609146,8.635499954,8.249090036
0,1921,7,0,0,0,0,0
0,1921,8,0,0,0,0,0
0,1921,9,2.085000038,8.583000183,5.392878047,4.900499821,1.80677233
0,1921,10,9.519000053,38.58499908,24.22764649,23.84600067,7.711572569
0,1921,11,34.61500168,60.31000137,42.09706092,40.92200089,5.588456219
0,1921,12,138.7669983,349.1239929,246.7802688,245.1629944,55.40292675
0,1922,1,70.56199646,166.4889984,115.4781094,116.461998,27.0905836
0,1922,2,155.7160034,442.8370056,319.4002438,323.8589935,82.33221327
0,1922,3,70.97399902,297.9639893,186.3252071,189.8235016,55.60681945
0,1922,4,16.85400009,62.59799957,32.65778039,30.22899914,10.3607434
0,1922,5,25.57999992,120.9589996,64.92853669,61.83699989,22.62412522
0,1922,6,1.962000012,22.72299957,8.798670735,6.67750001,5.599850648
0,1922,7,0,30.18700027,2.393146325,0,5.56682135
0,1922,8,0,0.001,1.22E-05,0,0.000109756
0,1922,9,0,0,0,0,0
0,1922,10,32.77600098,70.58399963,56.12730482,57.6345005,8.539791014
0,1922,11,104.0910034,246.3890076,181.9930727,191.5424957,34.72348257
0,1922,12,206.5119934,549.7420044,383.2045119,383.5980072,87.64874906
0,1923,1,82.97000122,290.3540039,184.8501211,186.5065002,51.53454917
0,1923,2,21.99200058,84.86399841,52.67630493,53.6364994,14.94816944
0,1923,3,2.23300004,20.56599998,10.41009751,9.965499878,5.157306684
0,1923,4,131.4290009,353.8389893,224.1985139,222.9735031,52.74399258
0,1923,5,7.166999817,48.40100098,25.69350001,26.45600033,11.90734281
0,1923,6,3.029000044,38.22200012,15.3765001,10.68249989,11.1482349
0,1923,7,0,9.744000435,0.339756102,0,1.490846718
0,1923,8,0,13.51900005,0.558804877,0,1.973109856
0,1923,9,18.36100006,125.3040009,60.28606084,58.08799934,24.93628874
0,1923,10,15.69299984,56.625,39.66315852,40.3920002,9.57705571
0,1923,11,10.28999996,18.71899986,13.40904879,12.5625,2.25436488
0,1923,12,34.89400101,148.7890015,92.91631745,93.25950241,29.62525414
0,1924,1,58.93199921,117.2949982,84.10007328,82.5304985,15.17135794
0,1924,2,52.10599899,89.0530014,74.16018281,75.36749649,9.36115974
0,1924,3,47.55599976,133.2949982,87.56679246,88.7840004,21.20613814
0,1924,4,12.71000004,56.01200104,30.05550016,29.34400082,10.73470347
0,1924,5,2.352999926,2.660000086,2.540024385,2.54400003,0.059858167
0,1924,6,0,0,0,0,0
0,1924,7,0,0,0,0,0
0,1924,8,0,0,0,0,0
0,1924,9,0,18.65299988,1.684536572,0,4.075175988
0,1924,10,71.73400116,194.7440033,147.6847317,147.7874985,32.97738874
0,1924,11,47.99700165,105.5110016,75.74699983,74.2519989,15.45600506
0,1924,12,114.7080002,261.3819885,190.6270725,190.723999,39.75307675
0,1925,1,30.47500038,91.06600189,56.99971943,56.00250053,16.07648746
0,1925,2,164.2969971,415.8200073,319.5936235,324.7850037,72.40150584
0,1925,3,54.08000183,178.1499939,112.1729145,114.093502,33.30595481
0,1925,4,76.24900055,247.3769989,153.2192562,155.4179993,42.88720785
0,1925,5,49.53900146,61.04700089,55.85697551,55.60300064,2.195607602
0,1925,6,2.263999939,46.16600037,20.39515853,15.33200026,14.24284566
0,1925,7,0.949000001,19.38299942,3.005219508,1.583000004,3.244584213
0,1925,8,0,31.76000023,1.516341472,0,4.85009977
0,1925,9,3.719000101,46.20399857,21.6787561,21.17199993,9.004917374
0,1925,10,5.612999916,76.6969986,41.54174355,41.61050034,19.07685457
0,1925,11,37.82600021,108.6900024,72.96543884,70.89149857,18.75277542
0,1925,12,48.16600037,91.17900085,70.82580469,72.20949936,11.58281
0,1926,1,87.48200226,147.220993,113.1095124,111.4290009,17.42471398
0,1926,2,166.8410034,314.1029968,254.8017922,254.2160034,42.58941819
0,1926,3,3.421999931,12.15200043,7.095353647,6.652999878,2.694801055
0,1926,4,124.9160004,208.3280029,156.1743409,152.4085007,21.09916058
0,1926,5,13.42399979,56.15000153,30.47437814,28.39949989,10.75602476
0,1926,6,0,11.4630003,1.53934148,0,2.968033773
0,1926,7,0,0,0,0,0
0,1926,8,0,0,0,0,0
0,1926,9,0,0.032000002,0.000682927,0,0.00394127
0,1926,10,41.2519989,62.29399872,52.65358543,53.50900078,5.540347912
0,1926,11,172.6049957,483.7210083,325.4162551,321.82901,81.58851092
0,1926,12,29.3010006,100.3830032,62.6909266,62.07349968,18.70988687
0,1927,1,84.31800079,260.1109924,166.2818656,165.602005,46.47288373
0,1927,2,159.447998,365.0920105,284.4623171,286.7150116,59.27717275
0,1927,3,50.3390007,163.6710052,104.2219874,103.7265015,28.96493202
0,1927,4,72.99500275,219.6580048,137.7349632,138.0514984,34.3955708
0,1927,5,11.84300041,65.66300201,35.68710966,34.74749947,14.39319056
0,1927,6,11.44400024,29.38800049,18.3904391,16.42549992,5.610161146
0,1927,7,0,0,0,0,0
0,1927,8,0,0,0,0,0
0,1927,9,0,8.409999847,2.2647317,1.345000029,2.441144898
0,1927,10,43.31600189,120.5400009,80.57702441,80.00450134,21.1443545
0,1927,11,83.75499725,219.5299988,152.087902,151.4654999,35.28156047
0,1927,12,75.40299988,176.201004,130.8872198,134.4899979,26.12856004
0,1928,1,44.32899857,115.375,74.9674999,72.25500107,17.99395089
0,1928,2,50.25799942,120.0469971,89.10698774,90.98749924,20.21347143
0,1928,3,155.8200073,541.5770264,337.7792087,340.5370026,99.39362952
0,1928,4,42.14199829,149.6459961,87.94109777,87.71350098,26.75828724
0,1928,5,1.909999967,6.699999809,3.87028048,3.871500015,0.781814153
0,1928,6,0,11.9090004,4.546451223,3.710500002,3.981299134
0,1928,7,0,0.026000001,0.000365854,0,0.002864894
0,1928,8,0,0,0,0,0
0,1928,9,0,0,0,0,0
0,1928,10,1.804999948,7.471000195,4.212439033,3.908499956,1.573488584
0,1928,11,87.33699799,139.9080048,110.2771343,110.0094986,15.48352183
0,1928,12,80.76000214,156.0789948,117.8679018,116.9025002,19.87035607
0,1929,1,39.42100143,138.3690033,86.0069147,86.43700027,28.70187844
0,1929,2,48.85100174,141.4629974,103.483354,103.6474991,26.35365371
0,1929,3,57.40299988,156.6369934,105.0038411,105.2454987,25.2775007
0,1929,4,39.53699875,203.2579956,110.6434019,110.8519974,43.84560984
0,1929,5,0.964999974,14.39900017,7.170182887,7.034499884,3.982543966
0,1929,6,41.25899887,171.0529938,96.80042695,82.84000015,41.2080955
0,1929,7,0,0,0,0,0
0,1929,8,0,0,0,0,0
0,1929,9,0,2.403000116,0.056439026,0,0.283805729
0,1929,10,2.352999926,9.788000107,6.472573173,6.870999813,1.868929935
0,1929,11,0,0,0,0,0
0,1929,12,97.54599762,302.822998,192.6357928,192.0620041,51.21459138
0,1930,1,129.3079987,350.5150146,225.4883047,214.6559982,61.88516541
0,1930,2,60.63000107,226.2489929,132.5677192,131.0889969,42.13678053
0,1930,3,85.69599915,212.923996,145.7204146,146.097496,32.72764026
0,1930,4,42.97200012,119.9329987,73.74876855,71.89400101,18.38254775
0,1930,5,12.06700039,74.38500214,36.86567062,33.08549976,19.87473714
0,1930,6,0,0,0,0,0
0,1930,7,0,0,0,0,0
0,1930,8,0,18.42000008,2.380012185,1.526499987,2.756015638
0,1930,9,3.400000095,42.47800064,13.82020734,11.48999977,10.10371058
0,1930,10,13.14599991,17.7840004,14.71993898,14.76449966,0.738559349
0,1930,11,52.33599854,211.7169952,130.6517808,127.4475021,42.4091235
0,1930,12,5.652999878,21.90699959,13.82399998,13.69749975,4.183532655
0,1931,1,100.0029984,213.0119934,151.0610122,149.0619965,29.40285806
0,1931,2,55.86700058,141.3849945,107.3715367,109.3395004,24.06089842
0,1931,3,42.0340004,112.9469986,75.14990244,75.23299789,17.43370241
0,1931,4,12.23700047,71.88400269,37.7328049,36.48550034,14.30272424
0,1931,5,24.99799919,56.87799835,37.06636587,36.12549973,9.521814615
0,1931,6,17.37100029,66.41999817,41.60449982,40.66349983,15.50243472
0,1931,7,0,0,0,0,0
0,1931,8,0,6.037000179,0.162548782,0,0.705245626
0,1931,9,0,6.515999794,0.391548775,0,1.414089406
0,1931,10,19.20999908,79.02100372,55.90112209,58.55349922,15.40460832
0,1931,11,62.60900116,207.8070068,137.0052683,133.9309998,37.29563763
0,1931,12,201.1750031,460.3089905,330.5418429,330.5675049,67.52899426
0,1932,1,59.18500137,276.144989,164.9928889,166.5339966,56.86905086
0,1932,2,91.31700134,217.1419983,161.5999753,164.4054947,35.57066319
0,1932,3,21.61599922,56.04100037,37.71787806,37.81150055,8.686114909
0,1932,4,36.01499939,153.003006,85.67628028,83.61199951,26.73152623
0,1932,5,28.11300087,119.3420029,66.01626836,64.82250214,26.36631863
0,1932,6,0.360000014,13.53899956,6.223573171,4.786500216,4.472645136
0,1932,7,0,4.573999882,0.925024387,0.688499987,1.040140321
0,1932,8,0,0,0,0,0
0,1932,9,0,0,0,0,0
0,1932,10,0,0.006,8.54E-05,0,0.000666282
0,1932,11,10.39000034,42.9469986,26.95853654,28.02250004,8.228151733
0,1932,12,70.75700378,141.651001,106.2543175,105.3390007,18.69727013
0,1933,1,122.2030029,322.6019897,211.7637074,207.0404968,54.30873364
0,1933,2,29.95599937,71.89399719,50.24370724,49.7804985,10.66070516
0,1933,3,76.3259964,212.4909973,139.0943298,137.7249985,34.00710576
0,1933,4,4.176000118,41.25099945,18.63608542,18.41699982,9.455423725
0,1933,5,42.5340004,204.177002,112.0565125,105.3514977,44.56791518
0,1933,6,2.295000076,7.842999935,5.135695138,4.967000008,1.846034911
0,1933,7,0,0,0,0,0
0,1933,8,0,15.58600044,0.437902451,0,2.104088957
0,1933,9,0.791999996,21.76799965,9.002975659,8.256999969,5.281114979
0,1933,10,39.44300079,158.7350006,111.7353655,112.8010025,31.69982556
0,1933,11,1.511000037,5.782999992,3.579658533,3.427999973,0.929008079
0,1933,12,168.7539978,346.1459961,272.2844396,282.3000031,43.72971263
0,1934,1,44.6590004,122.1679993,79.78493918,78.29549789,20.66891433
0,1934,2,109.8529968,209.072998,172.6500729,176.0164948,27.87807977
0,1934,3,5.947000027,37.24300003,19.34631715,18.5720005,7.846654423
0,1934,4,6.236000061,34.80799866,19.54006093,20.26500034,6.948262419
0,1934,5,20.62199974,86.47100067,50.02558534,50.64649963,18.98522738
0,1934,6,11.01299953,51.25600052,31.19471963,29.90499973,13.48036027
0,1934,7,0,0,0,0,0
0,1934,8,0,16.25499916,0.593060962,0,2.390945928
0,1934,9,3.736000061,61.25,26.94996327,26.35299969,14.45587402
0,1934,10,19.60700035,96.59400177,71.19993854,78.0739975,19.66934261
0,1934,11,99.86399841,222.7749939,159.3720243,156.6749954,31.34167039
0,1934,12,68.40399933,139.3890076,104.8486097,105.4020004,19.45798909
0,1935,1,133.0709991,313.0150146,221.2539636,222.1069946,46.95215548
0,1935,2,25.12400055,92.59100342,63.83081708,64.46500015,18.35458416
0,1935,3,118.1240005,253.6170044,173.9200367,170.0345001,37.76213237
0,1935,4,161.3309937,448.9819946,292.2164984,295.065506,71.39832056
0,1935,5,6.735000134,36.45800018,19.91456093,18.95600033,7.740069491
0,1935,6,0,0,0,0,0
0,1935,7,0,0.843999982,0.072707317,0,0.18652532
0,1935,8,0,32.51200104,1.225743904,0,4.664110944
0,1935,9,0,0,0,0,0
0,1935,10,36.18899918,91.45800018,72.05192673,74.23699951,14.23789295
0,1935,11,29.6420002,80.0530014,56.6624633,56.73750114,12.70496366
0,1935,12,55.71500015,114.2289963,83.62431694,83.36600113,14.63861737
0,1936,1,138.7819977,519.5150146,320.6989646,317.9824982,98.94910333
0,1936,2,266.2460022,702.1799927,521.0201918,528.8819885,122.8422271
0,1936,3,40.45899963,126.2590027,79.72976838,78.6570015,21.49321987
0,1936,4,48.1590004,127.5780029,81.48737847,80.91699982,19.39512362
0,1936,5,17.76600075,50.06499863,30.65513418,29.03950024,9.112872845
0,1936,6,18.65999985,111.9100037,65.87142675,59.88899994,28.86250738
0,1936,7,0,7.309999943,0.400707314,0,1.236392298
0,1936,8,0,5.964000225,0.088987807,0,0.667401254
0,1936,9,4.321000099,27.9810009,17.77201216,18.34049988,5.006811373
0,1936,10,9.876000404,27.0739994,17.17404878,16.97099972,4.120922249
0,1936,11,3.299999952,10.76599979,6.743621922,6.424499989,1.74237149
0,1936,12,88.22399902,249.0800018,166.8868532,167.2945023,41.57886454
0,1937,1,103.0579987,282.5820007,188.68211,188.2205048,45.59737182
0,1937,2,176.1589966,421.2179871,324.785548,329.0825043,67.25564443
0,1937,3,183.4190063,328.776001,249.1740254,248.0804977,36.96161647
0,1937,4,41.43600082,128.003006,78.17098822,76.15050125,20.09855843
0,1937,5,2.062000036,14.42800045,6.276609738,5.299999952,3.324084268
0,1937,6,9.913000107,48.00699997,28.37329286,25.56299973,12.32785888
0,1937,7,0,17.5909996,0.9537317,0,3.093444068
0,1937,8,0,0,0,0,0
0,1937,9,0,0,0,0,0
0,1937,10,18.84799957,62.51200104,42.30419482,42.54599953,11.85065546
0,1937,11,77.11699677,175.5809937,121.0799024,120.713501,24.05734159
0,1937,12,103.8180008,311.04599,207.5606954,205.710495,57.40183201
0,1938,1,76.93900299,224.397995,147.7016704,148.9994965,38.73340236
0,1938,2,239.0890045,621.6500244,429.895767,425.6135101,98.75781046
0,1938,3,167.6990051,576.0609741,359.6177805,359.9205017,106.5881265
0,1938,4,42.28900146,153.673996,90.25731701,90.04549789,27.58872849
0,1938,5,13.10999966,59.9980011,33.68306103,32.18249989,12.94290823
0,1938,6,0,29.91500092,9.247219487,7.618999958,8.725442232
0,1938,7,0,36.38100052,5.641719497,3.80400002,7.114702593
0,1938,8,0,0,0,0,0
0,1938,9,3.707000017,26.24500084,12.57803658,11.80149984,6.543687996
0,1938,10,34.30899811,126.3929977,85.5320977,84.32299805,25.22909005
0,1938,11,22.36199951,95.22499847,58.63056125,57.83299828,19.6108441
0,1938,12,31.25399971,80.18199921,53.06692703,51.5019989,13.82741
0,1939,1,62.64799881,172.404007,119.0784762,119.3779984,27.9651623
0,1939,2,48.05400085,148.6239929,97.87100001,98.32600021,22.65176689
0,1939,3,80.10399628,159.9799957,119.8078046,120.9775009,19.81273079
0,1939,4,6.462999821,25.17000008,13.945256,13.83699989,5.182589586
0,1939,5,36.19300079,119.4540024,74.87117097,77.32950211,22.28956157
0,1939,6,0,9.376000404,3.396085375,3.286000013,2.741583898
0,1939,7,0,0,0,0,0
0,1939,8,0,3.546000004,0.043780488,0,0.389165462
0,1939,9,11.56999969,116.5660019,53.26912194,47.84499931,29.50277671
0,1939,10,20.16200066,130.5480042,78.49842695,78.29600143,29.64052737
0,1939,11,6.309999943,47.76300049,26.46209744,25.87100029,11.10517769
0,1939,12,29.05200005,77.33399963,56.85025627,59.62100029,11.63329749
0,1940,1,246.8670044,523.0150146,392.3064032,399.7660065,67.43041241
0,1940,2,207.3470001,434.381012,335.1875006,342.0335083,57.69855063
0,1940,3,125.7170029,374.223999,243.0969636,243.1904984,65.30068138
0,1940,4,34.65399933,58.88499832,44.99319495,44.56150055,6.007692636
0,1940,5,10.70300007,28.15099907,18.4943292,17.96850014,4.726847445
0,1940,6,0,7.349999905,1.063195125,0,2.21158691
0,1940,7,0,0,0,0,0
0,1940,8,0,0,0,0,0
0,1940,9,0,21.1079998,7.163304892,6.109999895,6.32623886
0,1940,10,24.5720005,66.53700256,44.48682934,45.22949982,10.24275446
0,1940,11,27.36800003,85.6989975,53.73062173,52.83099937,14.18522625
0,1940,12,212.0829926,437.9719849,325.4736589,323.3455048,60.01065403
0,1941,1,140.9689941,268.0490112,196.9694517,196.3180008,33.58946308
0,1941,2,141.2610016,288.6619873,220.9998779,222.2724991,39.70715457
0,1941,3,89.06199646,190.8690033,132.6193662,131.7560043,28.27815259
0,1941,4,113.8379974,196.7039948,147.8517193,145.9785004,19.59335119
0,1941,5,28.00099945,103.9980011,59.01425599,56.11849976,20.73719207
0,1941,6,0.001,29.40500069,8.552426828,4.296000004,8.49034199
0,1941,7,0,2.691999912,0.053573169,0,0.345441349
0,1941,8,0,6.540999889,0.096865852,0,0.729852875
0,1941,9,0.685000002,19.53499985,9.694292712,9.385000229,5.189328517
0,1941,10,23.50200081,54.08100128,36.87346344,33.93700027,9.489906302
0,1941,11,42.0719986,130.7920074,86.81745097,87.25799942,22.5483113
0,1941,12,172.1069946,503.0969849,330.2592686,325.82901,86.78645013
0,1942,1,143.9290009,379.3460083,263.4410728,265.6805115,62.65042013
0,1942,2,94.66999817,252.5160065,184.9523177,182.2164993,42.4059581
0,1942,3,61.25999832,83.02999878,70.64702439,69.76449966,6.040056822
0,1942,4,133.496994,253.9629974,191.9446469,191.9169998,29.64214753
0,1942,5,62.18099976,230.4440002,141.0945372,138.753006,46.73018163
0,1942,6,0,0,0,0,0
0,1942,7,0,0,0,0,0
0,1942,8,0,7.156000137,0.10785366,0,0.801471225
0,1942,9,0.754999995,5.768000126,2.122243899,1.388999999,1.405928952
0,1942,10,8.359999657,16.35400009,11.77257316,11.68349981,1.81061033
0,1942,11,129.1750031,451.2059937,291.8632686,290.9189911,76.35424357
0,1942,12,78.34200287,238.8619995,157.929256,155.6320038,44.27270449
0,1943,1,170.8150024,529.8859863,338.4400367,330.7255096,96.96396743
0,1943,2,61.80199814,156.4400024,110.4379633,110.5604973,26.20239055
0,1943,3,181.5970001,409.0830078,285.1741327,286.4815063,60.00862825
0,1943,4,59.14599991,109.5810013,81.04736617,82.58100128,11.473955
0,1943,5,3.142999887,28.3409996,15.81747561,17.19900036,7.208942521
0,1943,6,7.53399992,55.55400085,29.14208546,23.32250023,16.98894917
0,1943,7,0,13.06099987,0.553219516,0,2.121273067
0,1943,8,0,0,0,0,0
0,1943,9,0,0,0,0,0
0,1943,10,11.1239996,62.44900131,36.10181704,35.64299965,14.42885145
0,1943,11,25.10499954,57.6780014,41.67752445,41.80650139,6.791337031
0,1943,12,47.80099869,95.91799927,75.78817074,77.07299805,12.15612564
0,1944,1,90.96299744,237.3999939,164.2074142,166.9209976,37.49775368
0,1944,2,168.371994,251.9120026,204.4176221,200.5419998,21.09176622
0,1944,3,41.4469986,139.496994,90.7322317,93.58449936,25.28517967
0,1944,4,64.16000366,156.5350037,111.3503906,110.9145012,21.28591263
0,1944,5,20.00600052,56.18099976,36.89954865,36.71050072,9.700796944
0,1944,6,6.485000134,38.48199844,19.37329271,15.61149979,10.45259339
0,1944,7,0,7.104000092,0.158500001,0,0.894458891
0,1944,8,0,0,0,0,0
0,1944,9,3.232000113,17.00699997,8.417804869,7.370500088,3.621440294
0,1944,10,41.375,98.95200348,65.32012167,62.03949928,13.13046765
0,1944,11,145.1660004,327.269989,242.2351104,239.8955002,46.44174242
0,1944,12,69.47299957,172.098999,122.1534386,123.1084976,27.56004687
0,1945,1,17.79000092,39.56200027,29.01046346,29.60350037,5.529554112
0,1945,2,141.7230072,362.4620056,284.3646222,290.8180084,59.38462648
0,1945,3,102.137001,289.678009,189.9008896,191.0494995,50.47412087
0,1945,4,21.44099998,52.64099884,35.94778075,35.51399994,6.392418526
0,1945,5,26.6079998,110.2750015,62.41659732,60.78650093,22.48805154
0,1945,6,19.30699921,49.02099991,32.31834151,32.09550095,7.066346752
0,1945,7,0,22.64900017,2.261121952,0,4.529792052
0,1945,8,0,23.85199928,0.8632561,0,3.432450245
0,1945,9,0,8.177000046,2.701109759,2.462499976,2.495844895
0,1945,10,69.50499725,210.3320007,143.2598898,137.4394989,37.31329018
0,1945,11,81.02600098,295.4379883,185.1363533,184.6069946,50.0027738
0,1945,12,170.8390045,501.0310059,329.2736459,320.2680054,88.95396466
0,1946,1,22.15500069,108.2659988,61.86190242,61.38500023,24.68070099
0,1946,2,43.79700089,145.7440033,102.7100125,107.8655014,27.21979004
0,1946,3,81.88700104,254.4539948,170.3849883,175.1805038,42.95011427
0,1946,4,3.780999899,21.12800026,9.760341479,8.807499886,4.460054791
0,1946,5,33.45000076,61.17900085,44.30343879,43.16499901,7.745275008
0,1946,6,0,0,0,0,0
0,1946,7,0,18.40500069,1.223121969,0,3.450896974
0,1946,8,0,0,0,0,0
0,1946,9,5.313000202,25.23699951,14.59681705,14.58900023,4.824375456
0,1946,10,18.66500092,86.67199707,57.09746344,57.12099838,19.33212324
0,1946,11,100.1940002,295.618988,193.8251828,188.7619934,52.82183894
0,1946,12,55.0890007,139.4689941,98.51169507,98.42950058,23.22915112
0,1947,1,16.70199966,82.73000336,48.17335385,48.98200035,18.67331637
0,1947,2,52.79100037,101.237999,83.25756078,86.43950272,12.73629042
0,1947,3,96.91400146,272.6170044,185.9118047,191.8724976,43.64230397
0,1947,4,19.59399986,84.36199951,52.71089028,54.06599998,13.94969652
0,1947,5,6.618000031,26.34700012,14.60359761,13.6590004,5.514232642
0,1947,6,13.43700027,49.29800034,33.186195,32.53700066,10.94765953
0,1947,7,0,0,0,0,0
0,1947,8,0,0,0,0,0
0,1947,9,0,1.215000033,0.177353659,0,0.311514062
0,1947,10,93.21900177,230.8300018,170.8602068,164.9059982,37.02761969
0,1947,11,25.1439991,65.89900208,48.27928066,49.22949982,10.49452341
0,1947,12,22.40500069,33.19100189,29.27574388,29.3864994,1.886925099
0,1948,1,24.71800041,156.6909943,89.12730452,89.53450012,35.47830707
0,1948,2,53.47100067,161.3910065,118.4723051,121.6795006,30.75456613
0,1948,3,114.5459976,305.2929993,208.3051461,213.3969955,46.24971932
0,1948,4,112.4240036,429.256012,257.2793285,265.1329956,77.13890574
0,1948,5,66.61399841,90.20300293,79.77695112,80.48150253,4.912083478
0,1948,6,0.782000005,13.32299995,6.20310977,4.851500034,3.365349681
0,1948,7,0,0,0,0,0
0,1948,8,0,0,0,0,0
0,1948,9,0,9.843000412,0.752231714,0,2.041951455
0,1948,10,9.166999817,27.34900093,18.84810983,17.09299946,5.186320744
0,1948,11,22.78199959,109.6900024,58.82813433,55.41600037,20.68136635
0,1948,12,98.9960022,248.2769928,177.5168656,179.1660004,38.6981186
0,1949,1,60.84700012,118.072998,93.66504892,93.375,12.81781174
0,1949,2,63.55899811,197.5019989,136.7380732,135.161499,35.02900022
0,1949,3,177.447998,307.3720093,247.4077926,255.2335052,32.1047152
0,1949,4,0,29.04199982,8.929536542,7.417000055,7.679682685
0,1949,5,14.39000034,73.92299652,38.07410974,34.38000107,18.43234961
0,1949,6,0,0.851999998,0.067621951,0,0.158853715
0,1949,7,0,2.025000095,0.316585368,0,0.457491094
0,1949,8,1.43599999,30.12899971,5.757768285,5.24000001,4.48618739
0,1949,9,0,13.35299969,5.158414609,5.299999952,4.681369284
0,1949,10,0.122000001,21.44799995,6.926817045,6.512500048,4.682473355
0,1949,11,46.63800049,135.4190063,91.63791489,90.0225029,22.81327578
0,1949,12,43.76800156,97.93699646,67.278293,67.05350113,14.32447157
0,1950,1,156.8970032,547.5209961,347.7232806,357.5075073,102.7783969
0,1950,2,79.37999725,152.5590057,126.4469026,130.6309967,18.74359727
0,1950,3,73.72799683,245.0079956,157.0407186,163.0800018,46.48191384
0,1950,4,35.91899872,199.6970062,106.2852071,106.3045006,41.73541028
0,1950,5,15.64299965,79.30500031,45.20378055,46.69850159,17.47011562
0,1950,6,0.037999999,16.6420002,5.656402434,4.271500111,4.387937543
0,1950,7,0,1.052000046,0.026036586,0,0.137373044
0,1950,8,0,0.667999983,0.008146341,0,0.073317071
0,1950,9,9.001000404,19.34900093,14.10412199,14.23000002,1.591040798
0,1950,10,70.50299835,216.9389954,156.0641575,157.3310013,38.49114348
0,1950,11,191.2879944,574.6069946,386.9881945,383.5130005,95.44065244
0,1950,12,143.697998,432.1069946,285.8149137,290.7600098,74.23564185
0,1951,1,120.6490021,354.5559998,241.363292,251.1965027,55.50866813
0,1951,2,67.25499725,164.826004,122.2648416,124.6814995,21.38661969
0,1951,3,43.46500015,181.3269958,107.9474383,110.6450005,33.53948087
0,1951,4,30.0529995,108.3909988,66.20725639,65.11050034,19.88901916
0,1951,5,39.52000046,98.05500031,66.80000003,65.68899918,16.10939656
0,1951,6,0,0.437000006,0.010219512,0,0.056384358
0,1951,7,0,0,0,0,0
0,1951,8,0,7.93900013,0.136792684,0,0.921747844
0,1951,9,0,0.435000002,0.009243902,0,0.055418488
0,1951,10,47.32300186,174.9559937,117.6188535,118.8564987,35.8894343
0,1951,11,83.56700134,249.154007,166.6602557,164.2410049,43.7513674
0,1951,12,161.4140015,483.42099,321.4579509,316.832489,87.22511321
0,1952,1,211.322998,516.3530273,370.8389022,381.2409973,82.2372591
0,1952,2,58.66400146,239.5099945,162.2953781,161.4734955,50.69291018
0,1952,3,131.3710022,271.006012,211.141232,215.4420013,32.83068333
0,1952,4,36.58200073,70.03800201,52.48176826,54.72100067,10.03303789
0,1952,5,7.063000202,38.09400177,23.40106102,22.16499996,7.075668607
0,1952,6,7.493000031,32.27099991,20.87245124,19.10300064,7.458958583
0,1952,7,0,33.6780014,4.471024366,1.62650001,6.270740184
0,1952,8,0,0,0,0,0
0,1952,9,3.944999933,29.23800087,10.97691461,9.631999969,5.929723238
0,1952,10,0,0.192000002,0.002853659,0,0.021408411
0,1952,11,51.50799942,102.7480011,75.2341952,75.85800171,14.67515699
0,1952,12,163.7709961,389.0620117,266.2725238,264.128006,64.47390425
0,1953,1,94.44300079,352.3190002,223.1288782,223.1059952,67.67654536
0,1953,2,0.134000003,12.52099991,4.966378044,3.946000099,3.733444691
0,1953,3,55.52099991,208.6999969,132.6240612,135.6800003,37.03759713
0,1953,4,83.07499695,208.8730011,136.5193782,134.802002,28.96701014
0,1953,5,17.61499977,175.9720001,78.46082957,68.62200165,47.42885348
0,1953,6,11.89500046,58.25899887,39.20220723,39.90999985,13.33032257
0,1953,7,0,20.39599991,1.804231689,0,4.294142149
0,1953,8,0,29.50399971,1.101060974,0,4.222301143
0,1953,9,0,0.002,2.44E-05,0,0.000219512
0,1953,10,17.97200012,64.93000031,43.15385365,44.63599968,11.54117587
0,1953,11,58.84000015,152.1750031,110.6034876,112.3684998,20.71872919
0,1953,12,37.78099823,91.18099976,69.78456116,72.66049957,13.44049481
0,1954,1,79.46199799,267.6960144,173.2520972,176.6194992,50.56362156
0,1954,2,73.95300293,191.6459961,139.4791102,136.4920044,33.21462005
0,1954,3,123.8420029,300.269989,217.5101218,225.9759979,45.07780934
0,1954,4,56.8769989,134.2310028,89.74417105,87.85200119,18.34951603
0,1954,5,10.1789999,18.62199974,14.22719516,14.65750027,2.78239361
0,1954,6,10.47999954,59.34999847,37.05699985,36.50799942,15.76108124
0,1954,7,0,0,0,0,0
0,1954,8,0,5.626999855,0.45014634,0,0.868224281
0,1954,9,0,0,0,0,0
0,1954,10,0.268000007,3.803999901,2.152560971,2.147499919,0.680133165
0,1954,11,74.86799622,126.7060013,97.67914637,95.99399948,11.52429595
0,1954,12,157.4409943,304.151001,234.8406826,235.4104996,35.8292155
0,1955,1,115.9140015,221.1730042,174.0542065,173.5539932,25.02191355
0,1955,2,53.51499939,118.2929993,95.07925587,99.08100128,17.08080908
0,1955,3,8.104999542,72.31600189,34.08917087,32.07799911,17.31976692
0,1955,4,57.89199829,178.1569977,129.0599874,133.5384979,27.72280688
0,1955,5,19.37400055,36.30699921,29.40598779,29.78199959,3.311243698
0,1955,6,0,3.756000042,0.559329272,0,0.888155045
0,1955,7,0,0,0,0,0
0,1955,8,0,5.921999931,0.075756097,0,0.650284519
0,1955,9,5.734000206,13.08300018,8.727731681,8.51099968,1.398160137
0,1955,10,3.875,10.07600021,8.087597545,8.203000069,0.898675548
0,1955,11,45.9659996,158.0149994,103.3140972,103.5265007,29.38197756
0,1955,12,310.6010132,910.8599854,619.4533044,618.7350159,162.6025044
0,1956,1,190.5690002,511.0610046,352.0745487,358.6139984,85.51321069
0,1956,2,61.23199844,137.0859985,103.7054996,104.5499992,19.96499441
0,1956,3,2.743999958,41.54999924,20.45330493,21.12800026,10.65074087
0,1956,4,59.21500015,110.0179977,86.41217041,85.12150192,13.28482167
0,1956,5,52.84500122,195.0870056,119.3908784,123.9025002,41.70632272
0,1956,6,0,4.376999855,1.574585368,1.238999963,1.159881217
0,1956,7,0,23.85000038,1.30282927,0,4.097330656
0,1956,8,0,1.807000041,0.022036586,0,0.198329273
0,1956,9,9.343000412,28.2840004,14.47514639,12.93499994,4.070912735
0,1956,10,41.87799835,185.6950073,114.5828909,108.350502,38.06808191
0,1956,11,0.078000002,6.890999794,3.093048778,2.629000068,1.902948382
0,1956,12,20.10899925,96.61599731,59.6550607,60.1760006,18.85162738
0,1957,1,73.73400116,216.723999,146.5334753,150.2519989,35.82053781
0,1957,2,93.78399658,247.4949951,185.5826097,190.939003,41.63948558
0,1957,3,104.8830032,268.0100098,183.0731829,183.4614944,40.8253883
0,1957,4,60.72200012,92.38300323,78.60403647,80.0870018,6.577124882
0,1957,5,83.19300079,258.7380066,171.1348291,175.0079956,50.2469341
0,1957,6,0.008,11.00399971,6.376463435,6.174999952,3.105327059
0,1957,7,0,7.054999828,0.127463414,0,0.827821506
0,1957,8,0,0,0,0,0
0,1957,9,9.734999657,18.04800034,12.14790242,11.65850019,1.584613902
0,1957,10,31.67499924,78.56500244,55.21818301,54.51849937,12.21164026
0,1957,11,26.37999916,107.189003,69.38731703,68.92350006,18.69900473
0,1957,12,81.84500122,228.9669952,157.8297805,157.5800018,37.28627148
0,1958,1,134.7039948,274.3999939,210.1665242,214.2009964,37.5228407
0,1958,2,185.5099945,370.8519897,290.3520718,295.8760071,52.6643143
0,1958,3,192.9250031,433.6010132,313.3322207,315.8759918,60.37184318
0,1958,4,154.6139984,288.7120056,217.649121,223.949501,30.95943121
0,1958,5,27.45199966,52.47900009,38.70134149,37.54750061,6.750110381
0,1958,6,7.320000172,54.56399918,32.07856105,29.83500004,13.95008674
0,1958,7,0,34.65100098,2.168292686,0,5.993480405
0,1958,8,0,31.70700073,1.663792688,0.460000008,4.486002519
0,1958,9,3.246999979,34.15800095,12.43515852,10.68349981,7.647378964
0,1958,10,3.957000017,8.465000153,6.02940241,6.129999876,1.175592888
0,1958,11,5.278999805,76.87599945,36.80649988,35.29150009,19.64473886
0,1958,12,24.29000092,57.22499847,40.37730489,40.89650154,7.821806076
0,1959,1,140.5209961,305.8420105,230.086329,235.3239975,42.90431995
0,1959,2,121.1900024,276.0180054,208.6978411,213.8740005,45.28052356
0,1959,3,22.24399948,80.72899628,50.21732933,50.55800056,14.45032331
0,1959,4,40.01200104,58.02299881,49.62667079,49.48450089,4.184665097
0,1959,5,0,55.5359993,21.02906096,18.26200008,16.7410326
0,1959,6,0,0,0,0,0
0,1959,7,0,8.644000053,0.201170729,0,1.10690379
0,1959,8,0,12.52000046,1.132439021,0.226999998,2.141753807
0,1959,9,52.64699936,108.927002,73.64285404,70.63450241,13.53506144
0,1959,10,0,0,0,0,0
0,1959,11,0,0,0,0,0
0,1959,12,28.65999985,74.34100342,51.268488,51.29900169,12.15631785
0,1960,1,101.0139999,294.0589905,200.9577803,207.8460007,47.81473552
0,1960,2,100.6940002,354.5960083,246.9327924,248.888504,74.42968932
0,1960,3,68.43800354,256.5539856,150.1391587,149.3805008,43.76943359
0,1960,4,41.81200027,113.2470016,85.45991437,90.81800079,18.71541556
0,1960,5,9.473999977,54.20199966,28.37910984,28.09150028,12.1986698
0,1960,6,0,0,0,0,0
0,1960,7,0,13.88500023,0.617743908,0,2.29891416
0,1960,8,0,0,0,0,0
0,1960,9,0.335000008,8.604000092,4.134231701,4.184499979,1.97313034
0,1960,10,1.404999971,36.65599823,18.45203655,19.31400013,8.588163806
0,1960,11,113.3840027,225.1210022,166.6871224,165.5469971,31.69711603
0,1960,12,31.17099953,95.49099731,61.71753646,61.73699951,16.54972503
0,1961,1,42.63399887,56.95999908,47.51342671,45.98600006,3.297045834
0,1961,2,39.86299896,118.9929962,86.59595159,88.24499893,22.57230784
0,1961,3,81.34700012,236.1920013,149.8109509,150.2574997,39.09318498
0,1961,4,30.34799957,102.939003,66.82909728,71.54850006,17.49987655
0,1961,5,19.56299973,93.90799713,54.06809753,55.04299927,21.82160552
0,1961,6,0.061000001,11.0880003,4.170475622,2.636000037,3.218307809
0,1961,7,0,14.5340004,2.100658531,1.089000016,2.869876673
0,1961,8,0.046,48.0870018,4.917902501,2.61650002,6.996580054
0,1961,9,1.967000008,65.18299866,13.54497557,9.030499935,13.69858514
0,1961,10,3.582000017,54.5359993,26.90452435,25.96000004,13.5083879
0,1961,11,58.57699966,107.4729996,73.78386567,71.23500061,11.24302345
0,1961,12,41.98600006,122.9369965,90.64646358,96.68849945,21.8203151
0,1962,1,43.50600052,115.8339996,84.87381707,88.91249847,18.87692533
0,1962,2,221.4989929,507.3720093,376.4436707,382.6349945,78.67803742
0,1962,3,64.41999817,245.2330017,154.0686945,157.0154953,46.65029678
0,1962,4,20.11000061,67.91300201,47.17689021,51.35449982,10.45682482
0,1962,5,2.387000084,52.58300018,20.60486594,16.47300053,14.61870073
0,1962,6,0,0.882000029,0.020670732,0,0.12732837
0,1962,7,0.57099998,15.55799961,4.833414631,3.804499984,3.957977304
0,1962,8,0.074000001,8.527999878,2.502280487,2.298499942,1.231544807
0,1962,9,0,4.514999866,0.685036589,0.001,1.07527035
0,1962,10,169.7310028,342.2149963,288.5957083,295.970993,44.65389201
0,1962,11,17.99600029,65.06700134,40.35620724,39.94350052,11.27562235
0,1962,12,65.77100372,136.4620056,105.9995122,109.5964966,16.26576629
0,1963,1,47.38100052,219.3399963,124.2763659,119.4435005,52.78622338
0,1963,2,109.4059982,263.9790039,199.7706226,201.9990005,46.7113662
0,1963,3,109.0630035,239.0899963,176.7470487,176.8320007,31.30653219
0,1963,4,129.0319977,396.2860107,245.3436958,238.3144989,68.68886468
0,1963,5,29.67900085,127.9580002,78.66413442,80.54499817,27.40591871
0,1963,6,1.863000035,34.13999939,14.32432928,12.22100019,9.775132672
0,1963,7,0,0,0,0,0
0,1963,8,0,12.48499966,0.346036585,0,1.697747969
0,1963,9,4.909999847,51.26200104,15.0306097,12.63649988,10.04065377
0,1963,10,51.30599976,109.723999,83.405988,85.43050003,16.1703468
0,1963,11,141.0970001,317.5920105,228.4359505,224.2519989,45.8883742
0,1963,12,11.34799957,40.6570015,24.71248785,24.52700043,7.484602266
0,1964,1,98.03099823,286.4440002,193.6903657,199.5620041,47.29924398
0,1964,2,11.28100014,16.25699997,13.34940245,13.10300016,1.12541279
0,1964,3,45.89599991,151.8049927,95.83571909,97.36199951,28.18841025
0,1964,4,14.58899975,69.63800049,39.81445112,39.45800018,15.4773411
0,1964,5,35.78499985,175.3049927,102.85589,104.5305023,36.53413906
0,1964,6,15.14700031,48.3730011,29.4656952,25.49250031,11.18649678
0,1964,7,0,6.275000095,0.09182927,0,0.700217082
0,1964,8,1.269000053,4.21999979,2.68845121,2.693500042,0.487678312
0,1964,9,0.177000001,7.361000061,4.038817087,4.958499908,1.972231433
0,1964,10,47.44100189,57.25299835,50.57292706,49.99100113,2.041742073
0,1964,11,100.3619995,293.9140015,193.6002551,189.909996,49.58750294
0,1964,12,227.1029968,868.5430298,567.8377205,567.8359985,174.8499899
0,1965,1,101.8389969,308.4490051,211.4493779,217.3824997,55.29641495
0,1965,2,22.65999985,62.125,44.81539019,45.87150002,10.07556013
0,1965,3,54.9469986,113.3560028,83.17103605,83.52299881,14.45457634
0,1965,4,95.25099945,248.8919983,176.5597677,185.3325043,37.62561128
0,1965,5,1.672000051,15.84799957,6.772414599,5.403999805,4.580977657
0,1965,6,0,22.38599968,8.507695038,5.703499794,7.256697537
0,1965,7,0,13.10400009,0.652353652,0,2.314162475
0,1965,8,17.39999962,172.7200012,35.28158544,30.00349998,23.92626132
0,1965,9,0,23.4810009,5.104121961,2.821499944,5.728196537
0,1965,10,6.962999821,25.97400093,18.39209758,19.5824995,5.245707578
0,1965,11,109.2610016,340.2170105,221.8804878,217.9915009,59.26688618
0,1965,12,101.6100006,215.6089935,165.2524632,167.3344955,24.79766818
0,1966,1,65.10600281,137.3880005,100.26322,101.5385017,17.43150237
0,1966,2,48.27899933,109.9029999,86.14397542,88.44599915,16.18060492
0,1966,3,10.84500027,77.34500122,42.46996339,43.74350166,16.25374875
0,1966,4,16.93700027,92.24500275,48.11614637,47.91499901,19.16142862
0,1966,5,7.81099987,18.2159996,11.52275611,10.23250008,3.134676705
0,1966,6,0,4.323999882,0.976378052,0.451000005,1.150217389
0,1966,7,1.187000036,3.921999931,1.922670725,1.825500011,0.435833226
0,1966,8,0,8.470000267,0.152268297,0,0.978643369
0,1966,9,0.405000001,9.366000175,2.680743915,1.996499956,2.159903606
0,1966,10,0,0.884000003,0.012097561,0,0.097234017
0,1966,11,145.9450073,307.3340149,220.240159,215.6675034,41.81881868
0,1966,12,103.0479965,301.3869934,204.5885242,208.4854965,50.40327981
0,1967,1,205.5090027,428.1350098,320.8563538,322.9230042,56.94698584
0,1967,2,22.12299919,50.13199997,34.64045127,35.2179985,7.97146009
0,1967,3,119.9820023,370.6950073,236.5772067,236.1389999,67.93319024
0,1967,4,148.3269958,381.1229858,282.3153171,305.7850037,64.64936373
0,1967,5,11.96700001,83.68000031,42.88042677,41.83799934,21.42113342
0,1967,6,20.09399986,60.07600021,41.87235358,40.25650024,12.30018869
0,1967,7,0,0,0,0,0
0,1967,8,0,60.00799942,3.604353654,0,9.272611037
0,1967,9,0,57.67200089,11.55471948,7.979000092,12.9956945
0,1967,10,14.63899994,66.32099915,47.73381701,50.67199898,14.08834363
0,1967,11,56.37099838,117.2350006,95.31103683,98.38299942,12.12015475
0,1967,12,54.95500183,200.0630035,128.5361708,130.9940033,35.0043179
0,1968,1,106.2490005,230.595993,169.7419753,174.4679947,28.78472029
0,1968,2,75.06800079,179.6100006,137.4019756,141.9400024,29.01428337
0,1968,3,73.89399719,152.6699982,107.4819141,108.4924965,20.08155199
0,1968,4,10.18599987,20.32500076,16.76278042,16.87350082,2.298304549
0,1968,5,18.00499916,40.42100143,30.78637807,33.34350014,6.395792663
0,1968,6,2.255000114,12.54500008,6.585548764,5.549499989,2.848111433
0,1968,7,0,1.302999973,0.03854878,0,0.174816845
0,1968,8,9.295999527,85.69999695,22.17529248,20.74050045,12.50993078
0,1968,9,0,5.177999973,1.214939018,0.979000002,1.294290341
0,1968,10,22.62100029,82.13200378,53.64551221,52.21949959,14.33447643
0,1968,11,108.2279968,241.5670013,176.3804767,175.0865021,34.64875359
0,1968,12,96.64199829,320.6600037,207.2901591,209.0485001,56.79971295
0,1969,1,255.7630005,788.8989868,534.0475006,544.6340027,146.8665009
0,1969,2,178.2250061,346.7789917,272.8983787,277.9644928,43.70809547
0,1969,3,63.31999969,89.97200012,80.62558588,81.78100204,6.466157149
0,1969,4,70.08000183,149.5709991,112.44739,116.6064987,17.25721976
0,1969,5,0,11.50800037,3.475999989,1.521000028,3.204144175
0,1969,6,4.081999779,21.54100037,11.33695127,9.24600029,5.943529644
0,1969,7,0,2.457000017,0.289195126,0,0.645241682
0,1969,8,0,0,0,0,0
0,1969,9,0.698000014,23.06200027,5.386048811,3.83099997,4.702504467
0,1969,10,27.08399963,144.1390076,84.64154869,84.1629982,30.78255526
0,1969,11,50.3030014,103.7740021,80.42158536,83.29800034,11.48007059
0,1969,12,137.8809967,344.0740051,249.1951705,251.9570007,50.93735868
0,1970,1,197.6730042,681.2559814,447.250219,449.0820007,131.7754918
0,1970,2,54.05699921,119.7529984,86.8407315,85.16799927,17.98911848
0,1970,3,74.59100342,127.8399963,106.4667193,110.5625,12.20327557
0,1970,4,18.43099976,94.14299774,54.60245118,57.42250061,19.67641787
0,1970,5,0,0.697000027,0.019597561,0,0.094843887
0,1970,6,15.4090004,65.66899872,37.14614636,34.36050034,13.87562697
0,1970,7,0,0,0,0,0
0,1970,8,0,0,0,0,0
0,1970,9,0,0.046999998,0.001414634,0,0.006982471
0,1970,10,28.11100006,70.63700104,49.89521952,48.92549896,9.605160507
0,1970,11,189.8450012,362.276001,279.409475,277.6130066,41.51602994
0,1970,12,153.7169952,452.1369934,311.6706346,312.8880005,75.82602402
0,1971,1,31.59600067,169.6300049,97.15535322,96.77149963,36.37470501
0,1971,2,10.7159996,43.45899963,26.91901216,25.70100021,8.930464418
0,1971,3,92.10199738,247.8139954,160.7325491,162.5904999,37.79469499
0,1971,4,18.74900055,97.93299866,46.45420721,43.46850014,17.44661306
0,1971,5,22.68899918,105.2399979,52.68995162,46.69599915,24.38471784
0,1971,6,3.749000072,44.67699814,22.87754882,18.4470005,13.63673484
0,1971,7,0,4.954999924,0.061951219,0,0.54384513
0,1971,8,0,14.11200047,0.364890248,0,1.874001678
0,1971,9,2.779999971,36.9090004,15.71873171,14.40300035,8.694958032
0,1971,10,11.70499992,30.55999947,22.04445117,22.7215004,4.696597307
0,1971,11,54.31999969,204.5890045,126.6087562,126.7275009,39.07663877
0,1971,12,155.6670074,372.3609924,265.0837432,266.4660034,56.83504566
0,1972,1,31.81500053,99.75,66.70623158,65.49349976,18.19744464
0,1972,2,53.52500153,137.673996,107.6125607,111.5880013,21.70230856
0,1972,3,9.986000061,82.15899658,40.01665856,39.56699944,18.39741625
0,1972,4,48.39699936,173.9720001,101.766476,99.97550201,30.56347642
0,1972,5,6.15199995,19.11499977,11.65603654,11.08599997,3.665740485
0,1972,6,4.46999979,18.62800026,9.814341429,8.386499882,4.231177822
0,1972,7,0,0,0,0,0
0,1972,8,0,21.23600006,0.995670734,0,3.424235053
0,1972,9,37.38000107,66.95300293,52.30536605,52.63050079,6.097427897
0,1972,10,19.15600014,75.20200348,41.93119535,37.49950027,16.68141248
0,1972,11,146.496994,208.7440033,180.8586221,182.7405014,14.04767985
0,1972,12,70.9280014,212.9149933,145.4719148,146.9055023,36.68164982
0,1973,1,244.2590027,447.6530151,353.2047802,357.5175018,47.97993341
0,1973,2,161.9720001,270.5090027,232.9663784,242.3865051,27.87554628
0,1973,3,110.4919968,171.0110016,143.3381095,146.902504,14.44530925
0,1973,4,22.21999931,61.32099915,37.13270715,35.03350067,10.43636691
0,1973,5,3.704999924,29.17399979,15.16571952,14.48899984,7.389083559
0,1973,6,0,8.949000359,4.053804887,3.305999994,2.912985621
0,1973,7,0,14.54100037,0.83170732,0,2.712676527
0,1973,8,0,43.94499969,2.179585354,0,6.468885171
0,1973,9,5.428999901,24.77000046,18.60770734,20.28900051,4.394332262
0,1973,10,62.53499985,129.4680023,97.96702469,96.28849792,17.82057983
0,1973,11,154.6699982,451.2080078,310.7287674,313.565506,74.06336561
0,1973,12,147.4880066,365.9110107,260.2305011,261.0715027,55.13508538
0,1974,1,104.4690018,293.0960083,188.7373291,189.6230011,43.15722873
0,1974,2,33.34999847,124.1569977,82.39914624,83.97750092,23.35052845
0,1974,3,127.4950027,392.4809875,254.2650609,257.9119949,68.31178884
0,1974,4,58.25999832,174.7579956,114.8496709,116.2595024,29.62252952
0,1974,5,0,2.009000063,0.073439026,0,0.312964944
0,1974,6,8.612999916,12.88199997,10.87649998,10.78200006,0.980907253
0,1974,7,56.08399963,118.3259964,82.94691463,79.43700027,17.23168154
0,1974,8,0,37.92100143,1.60797563,0,5.573647333
0,1974,9,0,0,0,0,0
0,1974,10,32.3219986,100.8909988,72.30030441,74.93799973,17.07548077
0,1974,11,44.80199814,97.41400146,71.71182921,71.19900131,12.80628365
0,1974,12,66.68800354,135.4900055,90.05517076,87.18549728,17.04812858
0,1975,1,30.19599915,163.0140076,100.5765731,104.8624992,35.01703577
0,1975,2,161.7220001,362.6759949,276.2501224,281.17099,55.04572022
0,1975,3,148.4450073,386.1919861,264.9841342,269.8099976,58.27346397
0,1975,4,50.47100067,225.951004,123.8532922,120.9029999,43.02615832
0,1975,5,3.921999931,31.52099991,17.44779265,17.95099926,7.644125623
0,1975,6,1.657999992,18.54500008,8.929219542,7.260999918,4.984409656
0,1975,7,0.876999974,2.628999949,1.587012196,1.487500012,0.397487282
0,1975,8,21.56999969,84.73899841,32.34454874,30.06649971,10.45406845
0,1975,9,0,17.96199989,3.997768301,2.614000082,4.1522443
0,1975,10,71.48999786,258.0599976,161.6729508,157.9625015,51.50139778
0,1975,11,22.17000008,89.74700165,59.04926833,58.37400055,16.53548771
0,1975,12,17.42700005,50.10400009,34.81065866,35.6269989,6.444567917
0,1976,1,9.220000267,23.79299927,16.63275601,16.48649979,3.933318143
0,1976,2,40.1269989,129.3670044,86.98648769,87.03199768,23.05580917
0,1976,3,38.90100098,104.1389999,58.45148794,54.2614994,16.4876229
0,1976,4,38.77899933,72.14199829,54.32658516,54.62100029,8.552584518
0,1976,5,1.389999986,13.15799999,5.247365893,3.960500121,3.192900396
0,1976,6,0.002,5.485000134,2.081036586,1.324500024,1.429272566
0,1976,7,0,24.02000046,1.793158547,0,4.289659763
0,1976,8,35.23300171,124.387001,54.98047568,51.93050003,16.37493578
0,1976,9,13.33699989,49.94300079,33.17343925,35.41600037,8.686083459
0,1976,10,0,31.70199966,12.39496343,9.902500153,8.685723605
0,1976,11,27.3239994,60.98199844,46.24314641,47.0019989,7.817952847
0,1976,12,4.40500021,10.4460001,7.204512189,7.01699996,1.191711217
0,1977,1,34.07699966,107.0999985,72.06241449,72.86650085,19.93644874
0,1977,2,32.51800156,95.90499878,65.68128074,64.9355011,16.75526043
0,1977,3,41.35499954,91.18800354,58.67089016,57.25,11.89327297
0,1977,4,3.022000074,17.71699905,8.754707281,7.56400013,4.460327491
0,1977,5,48.54700089,134.0879974,92.65591431,95.57999802,23.14775685
0,1977,6,0,10.26799965,1.332378056,0,2.803614456
0,1977,7,0,10.875,1.974292689,1.254999995,2.159888672
0,1977,8,0,8.515000343,0.521585373,0,1.234657824
0,1977,9,7.179999828,33.95800018,13.63453662,11.15950012,6.798961538
0,1977,10,2.377000093,9.942000389,4.539987811,3.981999993,1.709605672
0,1977,11,60.74599838,174.9640045,110.0679392,104.4799995,31.19645931
0,1977,12,124.762001,390.0499878,263.0116104,262.7035065,70.30726103
0,1978,1,231.9299927,464.7510071,347.307523,348.1790009,64.2727226
0,1978,2,102.9649963,248.8430023,171.6140732,173.4124985,37.45309256
0,1978,3,143.0399933,307.5939941,218.0409388,217.9580002,40.75760915
0,1978,4,131.2769928,315.5440063,224.5380729,231.7610016,44.2484085
0,1978,5,0.741999984,26.04199982,10.23656101,8.990000248,6.88512918
0,1978,6,0,7.975999832,4.524243914,4.275499821,1.604514544
0,1978,7,0,4.711999893,0.058817072,0,0.517163809
0,1978,8,0,10.8579998,0.258414633,0,1.404691899
0,1978,9,19.23500061,151.9859924,75.56186578,75.13899994,30.55908094
0,1978,10,0,0,0,0,0
0,1978,11,66.51499939,106.711998,84.44171943,84.32299805,10.78472543
0,1978,12,37.2840004,118.935997,82.01040221,83.59199905,19.99978555
0,1979,1,149.3040009,327.1109924,235.1323043,234.9980011,51.26773419
0,1979,2,138.4109955,285.1799927,231.0329875,239.8050003,38.36961797
0,1979,3,106.572998,234.302002,176.5279511,181.5530014,30.85538388
0,1979,4,31.42300034,116.6200027,64.28030493,63.1704998,20.39476576
0,1979,5,8.631999969,96.59700012,46.95065867,45.22800064,24.96147159
0,1979,6,0,0,0,0,0
0,1979,7,4.441999912,25.84499931,7.712060992,6.217000008,3.95142501
0,1979,8,0,10.60200024,1.049036581,0,2.034972783
0,1979,9,0,0.430000007,0.043219512,0,0.108694585
0,1979,10,60.78099823,144.2839966,101.5178786,99.70499802,21.86046423
0,1979,11,68.76799774,155.0899963,108.7575364,106.9169998,22.67970391
0,1979,12,99.95700073,214.5570068,145.7293657,143.1699982,29.17202517
0,1980,1,168.3999939,624.46698,388.0032183,378.243988,124.3640814
0,1980,2,176.1470032,414.9150085,294.4548048,287.4185028,65.48325739
0,1980,3,66.33799744,123.1559982,90.6716704,89.04399872,16.05240989
0,1980,4,39.03499985,104.6500015,68.83497564,69.05199814,16.02297521
0,1980,5,17.72500038,84.94499969,43.82185366,40.35750008,18.92857865
0,1980,6,0.674000025,21.93799973,8.777536607,5.179500103,7.095494292
0,1980,7,18.77700043,37.57500076,25.28352437,25.39799976,3.740977189
0,1980,8,0,6.394000053,0.634707313,0,1.303555682
0,1980,9,0,17.30400085,2.055646334,0,4.066592251
0,1980,10,3.540999889,39.50699997,23.41684148,22.42800045,9.893000265
0,1980,11,5.589000225,42.93399811,26.06643889,28.89350033,9.122270402
0,1980,12,53.2480011,119.4189987,80.32597574,77.68799973,19.32056985
