year,month,fid,DN,_sum,_mean,_median,_stdev,_min,_max,_range,_minority,_majority,_variety,_variance
1981,1,,,19002.21597,231.7343411,238.7809982,44.57188293,148.7449951,306.0090027,157.2640076,148.7449951,148.7449951,82,1986.652748
1981,2,,,5906.989054,72.03645187,68.32300186,22.71823459,30.52499962,108.3519974,77.82699776,30.52499962,30.52499962,82,516.1181828
1981,3,,,14623.35894,178.3336456,185.6445007,24.05807491,122.3649979,224.595993,102.2309952,122.3649979,122.3649979,82,578.7909684
1981,4,,,3730.407995,45.49278043,43.81800079,12.43725433,23.68099976,71.87599945,48.19499969,23.68099976,23.68099976,82,154.6852952
1981,5,,,3335.14099,40.6724511,35.63999939,19.4200861,11.94900036,82.95800018,71.00899982,11.94900036,11.94900036,82,377.139744
1981,6,,,0,0,0,0,0,0,0,0,0,1,0
1981,7,,,3335.14099,40.6724511,35.63999939,19.4200861,11.94900036,82.95800018,71.00899982,11.94900036,11.94900036,82,377.139744
1981,8,,,0,0,0,0,0,0,0,0,0,1,0
1981,9,,,1190.219997,14.51487801,15.37150002,5.291888188,3.996000051,28.56399918,24.56799912,3.996000051,3.996000051,82,28.0040806
1981,10,,,10600.46703,129.2739882,132.5390015,30.57446322,55.14300156,171.9080048,116.7650032,55.14300156,55.14300156,82,934.7978011
1981,11,,,25415.0049,309.9390841,313.5254974,68.14502978,179.7330017,457.894989,278.1619873,179.7330017,179.7330017,82,4643.745084
1981,12,,,21745.99998,265.1951217,262.0325012,83.81498604,113.9000015,449.4320068,335.5320053,113.9000015,113.9000015,82,7024.951885
1982,1,0,0,27444.48784,334.6888761,315.5825043,135.7411893,148.6779938,639.6569824,490.9789886,148.6779938,148.6779938,82,18425.67047
1982,2,0,0,15525.52998,189.3357314,186.4785004,49.94857634,98.90899658,271.4259949,172.5169983,98.90899658,98.90899658,82,2494.860278
1982,3,0,0,24635.21605,300.429464,301.536499,65.10269143,177.6170044,454.0889893,276.4719849,177.6170044,177.6170044,82,4238.360431
1982,4,0,0,17081.34506,208.3090861,212.8980026,42.35486652,129.8480072,288.0239868,158.1759796,129.8480072,129.8480072,82,1793.934718
1982,5,0,0,365.851,4.461597561,3.253499985,2.480008507,0.737999976,9.723999977,8.986000001,0.737999976,3.121000051,81,6.150442195
1982,6,0,0,1327.548996,16.18962191,13.54300022,6.882693914,6.778999805,31.72299957,24.94399977,6.778999805,6.778999805,82,47.37147552
1982,7,0,0,48.20500009,0.587865855,0.251499996,0.993286507,0,5.359000206,5.359000206,0.001,0,54,0.986618085
1982,8,0,0,14175.941,172.8773293,172.3959961,36.72260474,90.72799683,265.7709961,175.0429993,90.72799683,90.72799683,82,1348.549699
1982,9,0,0,9135.646988,111.4103291,110.8530006,26.38678417,54.5379982,168.0720062,113.534008,54.5379982,54.5379982,82,696.2623787
1982,10,0,0,14175.941,172.8773293,172.3959961,36.72260474,90.72799683,265.7709961,175.0429993,90.72799683,90.72799683,82,1348.549699
1982,11,0,0,27444.48784,334.6888761,315.5825043,135.7411893,148.6779938,639.6569824,490.9789886,148.6779938,148.6779938,82,18425.67047
1982,12,0,0,19058.30092,232.4183039,227.6849976,56.5255456,129.3359985,357.571991,228.2359924,129.3359985,129.3359985,82,3195.137305
1983,1,,,21166.04309,258.1224767,271.4810028,38.19018996,169.9299927,321.3099976,151.3800049,169.9299927,169.9299927,82,1458.490609
1983,2,,,22939.44197,279.7492923,273.8840027,70.98113899,149.7149963,407.8590088,258.1440125,149.7149963,149.7149963,82,5038.322093
1983,3,,,30930.99997,377.2073167,378.9550018,59.94408684,260.3309937,510.5950012,250.2640076,260.3309937,260.3309937,82,3593.293547
1983,4,,,14071.96498,171.609329,185.159996,25.59436256,115.5540009,208.6589966,93.10499573,115.5540009,115.5540009,82,655.0713949
1983,5,,,2395.701994,29.21587797,29.35750008,3.199353846,17.22800064,36.72700119,19.49900055,17.22800064,29.2670002,81,10.23586503
1983,6,,,656.4049993,8.004939015,7.211499929,2.900062105,2.933000088,16.19000053,13.25700045,2.933000088,2.933000088,82,8.410360215
1983,7,,,107.0529992,1.305524381,0.107500002,1.677478925,0,5.449999809,5.449999809,0.001,0,47,2.813935544
1983,8,,,751.3649977,9.162987777,8.43599987,6.64983867,1.416000009,45.16199875,43.74599874,1.416000009,1.416000009,82,44.22035434
1983,9,,,3000.236995,36.58825603,28.16149998,29.65550097,11.12300014,130.0420074,118.9190073,11.12300014,11.12300014,82,879.4487376
1983,10,,,4042.490999,49.29867072,51.20599937,7.295576995,23.82999992,60.09799957,36.26799965,23.82999992,23.82999992,82,53.22544369
1983,11,,,35869.2751,437.4301842,417.2860107,118.9114888,217.7409973,664.1439819,446.4029846,217.7409973,217.7409973,82,14139.94217
1983,12,,,28598.99312,348.7682088,349.4300079,90.75124739,177.5540009,518.9160156,341.3620148,177.5540009,177.5540009,82,8235.788902
1984,01.csv,1,1,1036.883001,12.64491465,11.20699978,3.164177423,8.729000092,20.36100006,11.63199997,8.729000092,8.729000092,82,
1984,010.csv,1,1,7888.208984,96.19767054,92.84549713,24.84997321,51.78900146,136.8029938,85.01399231,51.78900146,51.78900146,82,
1984,011.csv,1,1,22564.90791,275.1818038,278.3604889,62.09864276,151.3999939,399.5599976,248.1600037,151.3999939,151.3999939,82,
1984,012.csv,1,1,4766.74601,58.1310489,56.57999992,8.009601337,45.82400131,76.56999969,30.74599838,45.82400131,45.82400131,82,
1984,02.csv,1,1,12152.95594,148.2067798,141.4904938,42.85473348,65.8789978,218.5319977,152.6529999,65.8789978,65.8789978,82,
1984,03.csv,1,1,7868.944012,95.96273185,96.80299759,26.03514789,47.83200073,155.8840027,108.052002,47.83200073,74.21800232,81,
1984,04.csv,1,1,5424.050982,66.14696319,59.64600182,25.77167446,27.35300064,132.822998,105.4699974,27.35300064,27.35300064,82,
1984,05.csv,1,1,1768.718982,21.56974368,18.49949932,15.65507097,1.687000036,52.8409996,51.15399957,1.687000036,1.687000036,82,
1984,06.csv,1,1,138.9689994,1.694743895,0.151499998,3.454445267,0,19.42099953,19.42099953,0.002,0,49,
1984,07.csv,1,1,298.407002,3.63910978,3.085999966,3.294191774,0,17.14500046,17.14500046,0.003,0,77,
1984,08.csv,1,1,170.9419999,2.084658535,1.934000015,1.078330514,0.855000019,9.286000252,8.431000233,0.855000019,0.855000019,82,
1984,09.csv,1,1,298.407002,3.63910978,3.085999966,3.294191774,0,17.14500046,17.14500046,0.003,0,77,
1985,01.csv,1,1,3228.170006,39.3679269,40.46450043,9.919975856,23.87100029,61.13499832,37.26399803,23.87100029,23.87100029,82,
1985,010.csv,1,1,9834.395981,119.9316583,121.8525009,30.28628994,67.79799652,174.1549988,106.3570023,67.79799652,67.79799652,82,
1985,011.csv,1,1,17054.41097,207.9806216,197.2009964,47.53516497,127.3850021,300.4500122,173.0650101,127.3850021,127.3850021,82,
1985,012.csv,1,1,9834.395981,119.9316583,121.8525009,30.28628994,67.79799652,174.1549988,106.3570023,67.79799652,67.79799652,82,
1985,02.csv,1,1,8081.704998,98.55737802,99.64299774,23.38624484,49.8730011,136.8240051,86.95100403,49.8730011,49.8730011,82,
1985,03.csv,1,1,14154.98703,172.621793,167.8199997,43.21067134,95.15699768,264.6560059,169.4990082,95.15699768,95.15699768,82,
1985,04.csv,1,1,936.6389996,11.42242682,8.755500317,7.8091843,1.139000058,30.13400078,28.99500072,1.139000058,1.139000058,82,
1985,05.csv,1,1,72.96899996,0.889865853,0.01,1.074028722,0,3.714999914,3.714999914,0.008,0,44,
1985,06.csv,1,1,940.7049966,11.47201215,9.739499569,3.410582985,7.552999973,19.27199936,11.71899939,7.552999973,7.552999973,82,
1985,07.csv,1,1,71.40300026,0.870768296,0,2.160895535,0,11.16300011,11.16300011,0.006,0,23,
1985,08.csv,1,1,348.0599995,4.24463414,4.668499947,1.387364912,1.636999965,6.403999805,4.766999841,1.636999965,1.636999965,82,
1985,09.csv,1,1,3642.457007,44.42020741,40.31000137,23.39028886,14.25399971,121.9449997,107.691,14.25399971,14.25399971,82,
1986,01.csv,1,1,13867.43705,169.115086,177.1470032,38.65062355,85.33599854,241.3509979,156.0149994,85.33599854,85.33599854,82,
1986,010.csv,1,1,350.5840001,4.275414635,3.991999984,0.921597259,2.802000046,7.590000153,4.788000107,2.802000046,3.697000027,80,
1986,011.csv,1,1,1640.217999,20.00265852,20.53849983,2.923325777,10.24600029,23.78199959,13.5359993,10.24600029,22.70499992,81,
1986,012.csv,1,1,3072.164,37.46541463,37.1079998,3.673935528,31.95499992,49.11899948,17.16399956,31.95499992,31.95499992,82,
1986,02.csv,1,1,44207.09003,539.110854,530.4649963,150.9325787,271.9349976,797.4089966,525.473999,271.9349976,271.9349976,82,
1986,03.csv,1,1,18233.95007,222.3652448,224.6725006,47.39805822,138.6710052,322.7269897,184.0559845,138.6710052,138.6710052,82,
1986,04.csv,1,1,3481.12299,42.45271939,43.30450058,5.854700069,33.85200119,53.09899902,19.24699783,33.85200119,33.85200119,82,
1986,05.csv,1,1,2721.375984,33.187512,34.6439991,12.53409677,10.49199963,57.06700134,46.57500172,10.49199963,10.49199963,82,
1986,06.csv,1,1,30.96699992,0.37764634,0,0.783863245,0,3.691999912,3.691999912,0.025,0,22,
1986,07.csv,1,1,286.8829973,3.498573138,0,6.959448673,0,30.73900032,30.73900032,0.006,0,28,
1986,08.csv,1,1,4.213999964,0.051390243,0,0.210449848,0,1.577999949,1.577999949,0.001,0,10,
1986,09.csv,1,1,6115.086,74.57421952,78.64899826,25.23523782,22.44199944,117.7249985,95.28299904,22.44199944,22.44199944,82,
1987,01.csv,1,1,9917.120003,120.9404878,117.7399979,32.2359167,66.72100067,179.9539948,113.2329941,66.72100067,66.72100067,82,
1987,010.csv,1,1,2970.081997,36.22051216,30.34599972,15.27911054,16.59799957,62.29199982,45.69400024,16.59799957,16.59799957,82,
1987,011.csv,1,1,5316.90099,64.84025597,65.85100174,8.559551152,50.29100037,82.28900146,31.9980011,50.29100037,73.74900055,81,
1987,012.csv,1,1,13322.964,162.4751707,162.2020035,36.55976203,94.0039978,238.9819946,144.9779968,94.0039978,94.0039978,82,
1987,02.csv,1,1,11408.04095,139.1224506,133.9930038,24.75110011,99.59200287,184.0970001,84.50499725,99.59200287,99.59200287,82,
1987,03.csv,1,1,12993.77401,158.4606587,159.5519943,21.67368068,115.7289963,215.1959991,99.46700287,115.7289963,115.7289963,82,
1987,04.csv,1,1,1023.235001,12.47847563,12.4000001,6.446102138,1.878000021,24.29500008,22.41700006,1.878000021,1.878000021,82,
1987,05.csv,1,1,2358.549016,28.76279287,19.09350014,21.52557702,5.65199995,78.49900055,72.8470006,5.65199995,5.65199995,82,
1987,06.csv,1,1,252.3250005,3.077134153,1.294500053,3.232735502,0,10.61299992,10.61299992,0.007,0,74,
1987,07.csv,1,1,13.71699997,0.167280487,0,0.533802361,0,2.778000116,2.778000116,0.002,0,13,
1987,08.csv,1,1,9.374000035,0.114317074,0,0.311203483,0,1.371000051,1.371000051,0.048,0,14,
1987,09.csv,1,1,23.52299986,0.286865852,0,0.79640127,0,4.461999893,4.461999893,0.004,0,17,
1988,01.csv,1,1,11443.72202,139.5575856,137.3934937,32.7628484,80.69799805,206.8079987,126.1100006,80.69799805,80.69799805,82,
1988,010.csv,1,1,15503.57902,189.0680368,188.2614975,57.36816277,76.89099884,302.1629944,225.2719955,76.89099884,76.89099884,82,
1988,011.csv,1,1,15503.57902,189.0680368,188.2614975,57.36816277,76.89099884,302.1629944,225.2719955,76.89099884,76.89099884,82,
1988,012.csv,1,1,10482.68103,127.8375735,124.3885002,27.46740754,75.88899994,189.3589935,113.4699936,75.88899994,75.88899994,82,
1988,02.csv,1,1,1198.327003,14.61374393,14.84950018,1.165624314,10.625,16.59399986,5.968999863,10.625,16.33799934,81,
1988,03.csv,1,1,3097.465008,37.77396351,40.18549919,10.21214479,18.19000053,57.97499847,39.78499794,18.19000053,18.19000053,82,
1988,04.csv,1,1,8161.408997,99.52937801,101.3725014,7.009381821,84.44799805,110.4980011,26.05000305,84.44799805,84.44799805,82,
1988,05.csv,1,1,2761.130991,33.67232916,25.08300018,15.22064723,16.52199936,75.78199768,59.25999832,16.52199936,16.52199936,82,
1988,06.csv,1,1,1159.605995,14.14153653,13.24199963,5.569233672,6.414000034,23.80900002,17.39499998,6.414000034,6.414000034,82,
1988,07.csv,1,1,87.11799973,1.062414631,0.794499993,1.17789638,0,6.443999767,6.443999767,0.007,0,69,
1988,08.csv,1,1,23.15300025,0.282353662,0,0.959129331,0,6.960000038,6.960000038,0.048,0,17,
1988,09.csv,1,1,57.33199982,0.69917073,0.419500008,0.77094245,0,2.898999929,2.898999929,0.001,0,61,
1989,01.csv,1,1,4290.362007,52.32148789,50.55500031,14.60236884,27.33200073,84.62400055,57.29199982,27.33200073,27.33200073,82,
1989,010.csv,1,1,9634.607056,117.495208,115.8800011,34.43434796,57.31299973,177.9320068,120.6190071,57.31299973,57.31299973,82,
1989,011.csv,1,1,7682.600021,93.69024416,87.36700058,27.09259815,45.55799866,149.3289948,103.7709961,45.55799866,45.55799866,82,
1989,012.csv,1,1,4.862999989,0.059304878,0,0.297340719,0,2.483999968,2.483999968,0.015,0,10,
1989,02.csv,1,1,6372.396976,77.71215825,74.19649887,18.01585267,40.19400024,111.5080032,71.31400299,40.19400024,40.19400024,82,
1989,03.csv,1,1,25441.32796,310.260097,305.2024994,80.33206989,166.4420013,485.0299988,318.5879974,166.4420013,166.4420013,82,
1989,04.csv,1,1,4323.964998,52.73128047,46.81450081,26.57777305,14.44799995,118.6240005,104.1760006,14.44799995,14.44799995,82,
1989,05.csv,1,1,1778.988009,21.69497572,19.75649929,10.73653896,2.665999889,40.4280014,37.76200151,2.665999889,2.665999889,82,
1989,06.csv,1,1,1586.208995,19.34401214,18.47550011,9.014057272,3.460999966,33.65299988,30.19199991,3.460999966,3.460999966,82,
1989,07.csv,1,1,0,0,0,0,0,0,0,0,0,1,
1989,08.csv,1,1,514.4690011,6.274012208,5.392999887,3.929245544,2.686000109,26.90600014,24.22000003,2.686000109,2.686000109,82,
1989,09.csv,1,1,6756.595016,82.3975002,85.40600204,15.82131882,55.88899994,103.0899963,47.2009964,55.88899994,55.88899994,82,
1990,01.csv,1,1,12649.37,154.2606098,159.0870056,32.65527864,90.23899841,210.0899963,119.8509979,90.23899841,90.23899841,82,
1990,010.csv,1,1,1257.353998,15.33358534,16.39599991,4.522181902,5.912000179,22.36899948,16.4569993,5.912000179,5.912000179,82,
1990,011.csv,1,1,3579.175985,43.64848763,46.3275013,5.910857389,25.62199974,51.54700089,25.92500114,25.62199974,25.62199974,82,
1990,012.csv,1,1,3186.292006,38.85721958,34.64499855,9.284228601,28.91200066,62.99100113,34.07900047,28.91200066,28.91200066,82,
1990,02.csv,1,1,8544.748024,104.2042442,100.3790016,16.59072539,74.34100342,138.5540009,64.21299744,74.34100342,74.34100342,82,
1990,03.csv,1,1,6363.969006,77.60937812,80.6780014,16.51808277,35.31000137,104.935997,69.62599564,35.31000137,35.31000137,82,
1990,04.csv,1,1,5004.319996,61.02829263,61.94350052,7.847318076,33.04299927,75.19999695,42.15699768,33.04299927,33.04299927,82,
1990,05.csv,1,1,8534.494965,104.0792069,106.882,14.09910964,68.20300293,129.173996,60.97099304,68.20300293,68.20300293,82,
1990,06.csv,1,1,298.7070027,3.642768325,0.529500008,4.835406776,0,14.23499966,14.23499966,0.003,0,54,
1990,07.csv,1,1,334.476999,4.078987793,1.57949996,5.063408442,0.312000006,23.46100044,23.14900044,0.312000006,0.98299998,81,
1990,08.csv,1,1,181.6270002,2.214963417,0,6.066477569,0,39.97700119,39.97700119,0.143000007,0,25,
1990,09.csv,1,1,552.8519998,6.742097559,4.990500212,7.023054092,0,25.4470005,25.4470005,0.001,0,67,
1991,01.csv,1,1,1233.920998,15.04781704,15.17300034,1.495225286,11.69799995,18.23600006,6.538000107,11.69799995,16.53499985,81,
1991,010.csv,1,1,9394.512005,114.5672196,116.2905006,27.02830449,59.59000015,175.427002,115.8370018,59.59000015,59.59000015,82,
1991,011.csv,1,1,3938.143004,48.0261342,45.82800102,19.18598168,14.43900013,91.03399658,76.59499645,14.43900013,14.43900013,82,
1991,012.csv,1,1,6000.363007,73.17515862,74.71549988,8.020867212,52.15800095,87.50499725,35.34699631,52.15800095,52.15800095,82,
1991,02.csv,1,1,5549.115013,67.67213431,68.05049896,6.076028432,52.19100189,81.0059967,28.81499481,52.19100189,52.19100189,82,
1991,03.csv,1,1,32179.99905,392.4390129,394.6300049,57.97206855,266.1849976,497.4819946,231.2969971,266.1849976,266.1849976,82,
1991,04.csv,1,1,3411.975007,41.60945131,40.79450035,14.56901401,14.74400043,69.65499878,54.91099834,14.74400043,14.74400043,82,
1991,05.csv,1,1,4858.675995,59.25214628,62.25049973,26.5090005,15.46899986,102.0699997,86.60099983,15.46899986,15.46899986,82,
1991,06.csv,1,1,2819.161006,34.38001227,34.86400032,4.602984688,14.84500027,45.9640007,31.11900043,14.84500027,32.53499985,81,
1991,07.csv,1,1,51.19200052,0.624292689,0,2.390274677,0,15.31400013,15.31400013,0.004,0,11,
1991,08.csv,1,1,474.823,5.79052439,5.344499826,1.747804051,3.191999912,12.03999996,8.84800005,3.191999912,5.231999874,81,
1991,09.csv,1,1,224.0949971,2.732865818,0.624500006,3.913158711,0,14.7489996,14.7489996,0.004,0,51,
1992,01.csv,1,1,4667.95499,56.92628037,57.31299973,4.324601595,45.27199936,64.22399902,18.95199966,45.27199936,45.27199936,82,
1992,010.csv,1,1,7833.787003,95.53398784,106.3009987,32.11894661,32.9280014,150.7570038,117.8290024,32.9280014,32.9280014,82,
1992,011.csv,1,1,1325.842002,16.16880491,14.35899973,5.311141574,7.671000004,28.5529995,20.88199949,7.671000004,7.671000004,82,
1992,012.csv,1,1,26537.38594,323.6266578,329.1394958,70.78916142,170.6549988,457.980011,287.3250122,170.6549988,170.6549988,82,
1992,02.csv,1,1,18450.54793,225.006682,229.246994,18.66225305,171.951004,255.7850037,83.83399963,171.951004,171.951004,82,
1992,03.csv,1,1,9975.984978,121.6583534,123.6434975,17.83945837,73.69499969,152.6289978,78.93399811,73.69499969,73.69499969,82,
1992,04.csv,1,1,2163.493002,26.384061,26.31699944,2.571420851,22.10199928,33.09400177,10.99200249,22.10199928,22.10199928,82,
1992,05.csv,1,1,364.9830025,4.451012226,0,5.698025653,0,21.53199959,21.53199959,0.107000001,0,40,
1992,06.csv,1,1,2660.143014,32.44076846,33.24650002,11.7101378,12.8409996,50.33499908,37.49399948,12.8409996,46.5909996,81,
1992,07.csv,1,1,741.904002,9.04760978,1.8125,12.53447418,0.059,50.36600113,50.30700113,0.059,0.493999988,81,
1992,08.csv,1,1,128.7220021,1.569780513,0,4.617636108,0,32.21300125,32.21300125,0.002,0,32,
1992,09.csv,1,1,65.44100089,0.798060987,0,1.754023375,0,8.512999535,8.512999535,0.030999999,0,26,
1993,01.csv,1,1,30719.13017,374.6235387,371.7109985,100.3397789,215.0420074,578.2280273,363.1860199,215.0420074,215.0420074,82,
1993,010.csv,1,1,3323.658989,40.53242669,34.25200081,23.11593381,8.753000259,83.48799896,74.7349987,8.753000259,8.753000259,82,
1993,011.csv,1,1,5383.073006,65.64723178,65.18050003,3.381354039,59.23699951,73.51799774,14.28099823,59.23699951,59.23699951,82,
1993,012.csv,1,1,8659.373997,105.6021219,108.3155022,13.77333022,61.05099869,133.0709991,72.02000046,61.05099869,61.05099869,82,
1993,02.csv,1,1,19464.63905,237.373647,237.2845001,35.84852228,150.7769928,291.2309875,140.4539948,150.7769928,150.7769928,82,
1993,03.csv,1,1,12528.36501,152.7849392,158.3355026,25.37743273,98.79599762,204.5090027,105.7130051,98.79599762,98.79599762,82,
1993,04.csv,1,1,5134.836994,62.61996334,61.92200089,19.24062181,25.25499916,105.8310013,80.57600212,25.25499916,25.25499916,82,
1993,05.csv,1,1,4701.381012,57.33391478,58.03249931,9.303232331,36.52899933,82.23300171,45.70400238,36.52899933,36.52899933,82,
1993,06.csv,1,1,3859.474022,47.06675636,42.51249886,18.16543306,24.23699951,74.63400269,50.39700317,24.23699951,24.23699951,82,
1993,07.csv,1,1,0,0,0,0,0,0,0,0,0,1,
1993,08.csv,1,1,0.439999996,0.005365854,0,0.046540701,0,0.423999995,0.423999995,0.002,0,4,
1993,09.csv,1,1,0,0,0,0,0,0,0,0,0,1,
1994,01.csv,1,1,6565.750004,80.070122,84.01499939,14.17909167,38.56299973,103.9260025,65.36300278,38.56299973,38.56299973,82,
1994,010.csv,1,1,3010.382996,36.71198775,37.22800064,7.9411243,15.55200005,53.6609993,38.10899925,15.55200005,15.55200005,82,
1994,011.csv,1,1,19662.27391,239.7838282,239.5820007,66.67471606,103.5930023,357.8919983,254.298996,103.5930023,103.5930023,82,
1994,012.csv,1,1,13264.85297,161.7664996,170.340004,24.67825589,62.12200165,190.0010071,127.8790054,62.12200165,62.12200165,82,
1994,02.csv,1,1,14750.18709,179.8803303,180.6949997,37.1386933,95.27100372,232.1670074,136.8960037,95.27100372,95.27100372,82,
1994,03.csv,1,1,1611.144006,19.64809763,18.00600052,10.52496718,6.156000137,40.93700027,34.78100014,6.156000137,6.156000137,82,
1994,04.csv,1,1,6556.371986,79.95575593,82.45399857,14.63815768,39.31399918,103.3420029,64.02800369,39.31399918,39.31399918,82,
1994,05.csv,1,1,4353.362024,53.08978078,54.09200096,9.068105479,30.05400085,65.58999634,35.53599548,30.05400085,30.05400085,82,
1994,06.csv,1,1,92.33800032,1.126073175,1.107500017,0.568073461,0,2.721999884,2.721999884,0,1.281999946,79,
1994,07.csv,1,1,0,0,0,0,0,0,0,0,0,1,
1994,08.csv,1,1,0,0,0,0,0,0,0,0,0,1,
1994,09.csv,1,1,1009.543006,12.31150008,12.32600021,3.881990588,2.858999968,20.04000092,17.18100095,2.858999968,2.858999968,82,
1995,01.csv,1,1,38663.74503,471.5090857,476.6384888,108.6528521,292.980011,691.1480103,398.1679993,292.980011,292.980011,82,
1995,010.csv,1,1,0,0,0,0,0,0,0,0,0,1,
1995,011.csv,1,1,940.5590017,11.47023173,9.428500175,5.088280648,2.657999992,24.55200005,21.89400005,2.657999992,2.657999992,82,
1995,012.csv,1,1,19798.75203,241.4481955,241.6610031,56.93606429,117.9680023,336.5870056,218.6190033,117.9680023,117.9680023,82,
1995,02.csv,1,1,2750.110003,33.53792686,33.33699989,7.39216455,16.75499916,44.56900024,27.81400108,16.75499916,16.75499916,82,
1995,03.csv,1,1,37169.73689,453.2894743,456.1275024,115.739405,240.3049927,684.4429932,444.1380005,240.3049927,240.3049927,82,
1995,04.csv,1,1,13420.71595,163.6672677,150.1399994,58.8307997,65.79399872,293.9790039,228.1850052,65.79399872,65.79399872,82,
1995,05.csv,1,1,11424.48199,139.3229511,138.9339981,45.13677889,57.88600159,210.9730072,153.0870056,57.88600159,57.88600159,82,
1995,06.csv,1,1,3926.675001,47.8862805,49.3409996,5.0076523,26.14999962,52.88000107,26.73000145,26.14999962,47.95500183,81,
1995,07.csv,1,1,80.71699997,0.984353658,0.640500009,0.956894648,0,4.285999775,4.285999775,0.006,0,75,
1995,08.csv,1,1,1.812999986,0.022109756,0,0.102708443,0,0.745999992,0.745999992,0.071999997,0,7,
1995,09.csv,1,1,0,0,0,0,0,0,0,0,0,1,
1996,01.csv,1,1,24219.04205,295.3541713,288.5039978,116.1571954,111.0500031,529.6010132,418.5510101,111.0500031,111.0500031,82,
1996,010.csv,1,1,4467.612,54.48307316,51.57250023,19.91483002,26.57099915,102.0360031,75.46500397,26.57099915,26.57099915,82,
1996,011.csv,1,1,14940.74302,182.2041832,176.1774979,46.17891187,80.5490036,289.3800049,208.8310013,80.5490036,80.5490036,82,
1996,012.csv,1,1,40448.27582,493.2716563,487.519989,121.383067,222.9730072,742.322998,519.3499908,222.9730072,222.9730072,82,
1996,02.csv,1,1,21314.84901,259.9371831,261.9755096,60.83464798,130.048996,354.6409912,224.5919952,130.048996,130.048996,82,
1996,03.csv,1,1,12236.93898,149.2309631,144.762001,49.06426856,62.77099991,257.6489868,194.8779869,62.77099991,62.77099991,82,
1996,04.csv,1,1,9312.24604,113.5639761,110.4799995,26.61711017,66.80699921,191.0310059,124.2240067,66.80699921,66.80699921,82,
1996,05.csv,1,1,11277.52599,137.5308047,133.3899994,30.86363628,86.125,221.2640076,135.1390076,86.125,86.125,82,
1996,06.csv,1,1,1160.940004,14.15780493,15.47949982,3.31782729,4.709000111,19.07500076,14.36600065,4.709000111,16.28700066,81,
1996,07.csv,1,1,21.36200007,0.260512196,0.345499992,0.210131914,0,0.721000016,0.721000016,0.002,0,58,
1996,08.csv,1,1,49.24600032,0.60056098,0.0085,1.571865772,0,11.53800011,11.53800011,0.001,0,43,
1997,1,1,1,38402.98018,468.3290266,466.2290039,144.015859,242.3099976,725.7310181,483.4210205,242.3099976,242.3099976,82,20740.56763
1997,10,1,1,5026.860008,61.30317083,62.77799988,10.29135951,26.2859993,75.61799622,49.33199692,26.2859993,26.2859993,82,105.9120805
1997,11,1,1,11260.97495,137.3289628,138.9899979,13.33065842,99.83799744,159.9669952,60.1289978,99.83799744,99.83799744,82,177.7064539
1997,12,1,1,7814.32,95.29658536,93.00749969,19.16594633,63.17300034,136.5059967,73.33299637,63.17300034,63.17300034,82,367.3334987
1997,2,1,1,2379.174002,29.01431709,30.81750011,5.838802647,10.71100044,35.18999863,24.47899818,10.71100044,10.71100044,82,34.09161635
1997,3,1,1,1419.151999,17.30673169,16.81599998,7.553929982,5.09800005,35.76399994,30.66599989,5.09800005,5.09800005,82,57.06185818
1997,4,1,1,3136.731005,38.25281713,38.63899994,7.838095902,17.13999939,54.26699829,37.1269989,17.13999939,17.13999939,82,61.43574736
1997,5,1,1,1559.344001,19.01639026,20.98200035,10.83839581,3.799999952,45.17900085,41.3790009,3.799999952,3.799999952,82,117.4708238
1997,6,1,1,2773.977002,33.82898783,28.19150066,18.52934395,11.78899956,62.89799881,51.10899925,11.78899956,11.78899956,82,343.3365871
1997,7,1,1,95.99000059,1.170609763,0.222999997,1.756727134,0,8.588999748,8.588999748,0.005,0,50,3.086090222
1997,8,1,1,538.6699996,6.569146337,6.95449996,1.897524047,2.382999897,9.916999817,7.53399992,2.382999897,4.102000237,80,3.600597508
1997,9,1,1,307.0680014,3.744731725,3.519999981,1.892266422,0.035,8.574000359,8.539000358,0.035,0.035,82,3.580672213
1996,09.csv,1,1,544.4470021,6.639597587,6.193500042,4.162658385,0,17.18799973,17.18799973,0.147,0,81,
1998,01.csv,1,1,29785.00995,363.2318286,366.8939972,70.72167071,205.7409973,506.8410034,301.1000061,205.7409973,205.7409973,82,
1998,010.csv,1,1,1703.439003,20.77364638,20.18500042,1.906024503,18.61599922,29.43600082,10.8200016,18.61599922,18.61599922,82,
1998,011.csv,1,1,12104.28509,147.6132328,148.9044952,29.27108755,89.5719986,205.7400055,116.1680069,89.5719986,89.5719986,82,
1998,012.csv,1,1,8374.803036,102.1317443,102.9309998,23.36504854,48.60300064,150.7120056,102.109005,48.60300064,48.60300064,82,
1998,02.csv,1,1,33561.23001,409.2832928,418.042511,60.00855173,288.5599976,507.4609985,218.901001,288.5599976,288.5599976,82,
1998,03.csv,1,1,13700.49995,167.0792677,169.0514984,32.74167099,88.63600159,244.6799927,156.0439911,88.63600159,88.63600159,82,
1998,04.csv,1,1,10452.99805,127.4755859,130.4465027,12.86832862,81.89499664,149.9649963,68.06999969,81.89499664,81.89499664,82,
1998,05.csv,1,1,13865.0669,169.0861817,174.6604996,18.26698925,110.3919983,192.6519928,82.25999451,110.3919983,110.3919983,82,
1998,06.csv,1,1,3315.621992,40.43441454,30.20400047,24.7585772,5.888999939,84.97499847,79.08599854,5.888999939,5.888999939,82,
1998,07.csv,1,1,27.3980002,0.334121954,0.048,0.928081469,0,6.695000172,6.695000172,0.003,0,47,
1998,08.csv,1,1,18.27399999,0.222853658,0,1.045903146,0,6.288000107,6.288000107,0.007,0,7,
1998,09.csv,1,1,2354.414002,28.71236588,25.26000023,17.92282109,0.730000019,85.27500153,84.54500151,0.730000019,0.730000019,82,
1999,01.csv,1,1,20673.42109,252.1148913,248.5045013,86.54687854,101.2160034,427.9590149,326.7430115,101.2160034,101.2160034,82,
1999,010.csv,1,1,3393.229006,41.38084153,40.89849854,16.25262195,8.046999931,66.72399902,58.67699909,8.046999931,8.046999931,82,
1999,011.csv,1,1,9250.903023,112.8158905,114.793499,15.79200501,61.96900177,142.4049988,80.43599701,61.96900177,61.96900177,82,
1999,012.csv,1,1,2500.742011,30.49685379,28.9574995,11.6188635,9.345000267,55.86100006,46.51599979,9.345000267,9.345000267,82,
1999,02.csv,1,1,27152.84195,331.1322189,337.2869873,77.21257604,154.6860046,437.6059875,282.9199829,154.6860046,154.6860046,82,
1999,03.csv,1,1,8608.132996,104.9772317,104.6224976,34.81615831,37.45399857,181.8639984,144.4099998,37.45399857,37.45399857,82,
1999,04.csv,1,1,6952.70203,84.78904915,81.79050064,34.7636863,26.68300056,153.2299957,126.5469952,26.68300056,26.68300056,82,
1999,05.csv,1,1,2201.887988,26.85229254,25.68700027,9.127404971,9.824999809,52.32799911,42.50299931,9.824999809,9.824999809,82,
1999,06.csv,1,1,736.4860009,8.981536596,7.689499855,4.556241392,1.860999942,16.32299995,14.46200001,1.860999942,1.860999942,82,
1999,07.csv,1,1,90.02300045,1.097841469,0,3.13124662,0,15.9289999,15.9289999,0.140000001,0,17,
1999,08.csv,1,1,360.8279991,4.400341453,3.119999886,4.942606019,0,31.32799911,31.32799911,0,0,82,
1999,09.csv,1,1,126.7420012,1.545634161,0.618999988,1.911794818,0,7.638000011,7.638000011,0.007,0,54,
2000,01.csv,1,1,27736.69595,338.2523897,347.3180084,94.70310191,160.7030029,511.8890076,351.1860046,160.7030029,160.7030029,82,
2000,010.csv,1,1,11026.51701,134.4697196,136.2574997,10.36274523,93.69499969,149.8659973,56.17099762,93.69499969,93.69499969,82,
2000,011.csv,1,1,3848.609013,46.93425625,46.30500031,12.31234738,14.55500031,70.25299835,55.69799805,14.55500031,14.55500031,82,
2000,012.csv,1,1,3786.679995,46.17902432,45.58300018,15.73003172,15.85400009,76.03299713,60.17899704,15.85400009,15.85400009,82,
2000,02.csv,1,1,30033.60493,366.2634748,383.2129974,48.40875346,228.8139954,425.0559998,196.2420044,228.8139954,228.8139954,82,
2000,03.csv,1,1,4594.838005,56.03460982,57.8125,8.953930676,37.92399979,72.1289978,34.20499802,37.92399979,37.92399979,82,
2000,04.csv,1,1,5158.551994,62.90917066,65.76250076,9.208952657,36.79999924,76.70600128,39.90600204,36.79999924,36.79999924,82,
2000,05.csv,1,1,8297.151001,101.1847683,102.2679977,22.57606969,54.79100037,157.473999,102.6829987,54.79100037,54.79100037,82,
2000,06.csv,1,1,1637.534001,19.96992685,17.2954998,8.325327034,8.046999931,40.81200027,32.76500034,8.046999931,8.046999931,82,
2000,07.csv,1,1,0,0,0,0,0,0,0,0,0,1,
2000,08.csv,1,1,72.90100018,0.889036588,0.547999978,1.430724623,0,10.30200005,10.30200005,0.002,0,70,
2000,09.csv,1,1,3076.708998,37.52084144,40.02750015,14.64606753,7.597000122,58.86899948,51.27199936,7.597000122,7.597000122,82,
2001,01.csv,1,1,10226.90697,124.7183776,128.2464981,17.09074483,92.73799896,159.7120056,66.97400665,92.73799896,92.73799896,82,
2001,010.csv,1,1,2109.760987,25.72879253,24.85400009,7.552982991,10.84200001,42.74300003,31.90100002,10.84200001,10.84200001,82,
2001,011.csv,1,1,13709.72896,167.1918166,154.8314972,56.2764293,76.59500122,276.9110107,200.3160095,76.59500122,76.59500122,82,
2001,012.csv,1,1,22166.70216,270.3256361,274.0485077,56.10667159,167.1490021,359.4140015,192.2649994,167.1490021,167.1490021,82,
2001,02.csv,1,1,13475.16698,164.3313046,165.0709991,26.72770318,107.689003,209.5160065,101.8270035,107.689003,107.689003,82,
2001,03.csv,1,1,6099.492989,74.38406084,74.53250122,19.35517677,41.75,115.7630005,74.01300049,41.75,41.75,82,
2001,04.csv,1,1,10110.78896,123.3023044,122.9104996,35.76308609,61.16500092,206.1719971,145.0069962,61.16500092,61.16500092,82,
2001,05.csv,1,1,302.7029988,3.691499985,0,6.929086291,0,24.13100052,24.13100052,0.644999981,0,24,
2001,06.csv,1,1,236.1460001,2.87982927,2.79550004,0.580857392,1.784000039,3.743000031,1.958999991,1.784000039,2.553999901,81,
2001,07.csv,1,1,18.04800008,0.220097562,0.069999998,0.237389647,0,0.783999979,0.783999979,0.001,0,41,
2001,08.csv,1,1,0,0,0,0,0,0,0,0,0,1,
2001,09.csv,1,1,956.9959984,11.67068291,11.06699991,2.935557757,5.879000187,19.78700066,13.90800047,5.879000187,5.879000187,82,
2002,01.csv,1,1,8763.524017,106.8722441,110.8355026,20.19390309,59.09899902,144.128006,85.02900696,59.09899902,59.09899902,82,
2002,010.csv,1,1,0.028999999,0.000353659,0,0.003182927,0,0.028999999,0.028999999,0.028999999,0,2,
2002,011.csv,1,1,10427.58901,127.1657197,113.848999,41.70694633,65.42199707,226.5,161.0780029,65.42199707,65.42199707,82,
2002,012.csv,1,1,25187.76813,307.167904,308.8569946,62.47040225,186.25,425.8800049,239.6300049,186.25,186.25,82,
2002,02.csv,1,1,8044.59203,98.10478085,101.5960007,15.21630993,50.74599838,116.6100006,65.86400223,50.74599838,50.74599838,82,
2002,03.csv,1,1,13527.07802,164.9643661,167.5154953,41.60787685,77.90899658,251.2720032,173.3630066,77.90899658,77.90899658,82,
2002,04.csv,1,1,3480.777998,42.44851217,40.42950058,19.92923237,12.10599995,79.46199799,67.35599804,12.10599995,12.10599995,82,
2002,05.csv,1,1,4366.321991,53.24782916,55.55799866,11.30757862,28.69799995,69.70800018,41.01000023,28.69799995,28.69799995,82,
2002,06.csv,1,1,0,0,0,0,0,0,0,0,0,1,
2002,07.csv,1,1,44.29300049,0.540158543,0,2.416547699,0,17.26000023,17.26000023,0.437999994,0,8,
2002,08.csv,1,1,0,0,0,0,0,0,0,0,0,1,
2002,09.csv,1,1,36.82499982,0.449085364,0,0.781047579,0,3.377000093,3.377000093,0.061000001,0,30,
2003,01.csv,1,1,3943.011995,48.08551214,46.4375,19.01862763,22.59399986,82.47000122,59.87600136,22.59399986,22.59399986,82,
2003,010.csv,1,1,136.0860003,1.65958537,1.46450001,1.164491483,0.237000003,4.598999977,4.361999974,0.237000003,0.465000004,80,
2003,011.csv,1,1,7013.473991,85.53017063,86.86849976,16.38726531,42.93000031,113.8460007,70.91600037,42.93000031,42.93000031,82,
2003,012.csv,1,1,23430.93591,285.7431209,289.2565002,72.18279796,137.5070038,415.7099915,278.2029877,137.5070038,137.5070038,82,
2003,02.csv,1,1,6097.910984,74.3647681,76.00950241,15.02866119,40.93799973,94.43800354,53.50000381,40.93799973,40.93799973,82,
2003,03.csv,1,1,7971.862026,97.21782959,103.9370003,21.19259953,47.63499832,137.6309967,89.99599838,47.63499832,47.63499832,82,
2003,04.csv,1,1,20334.19904,247.978037,252.5820007,66.01700501,124.4199982,407.5599976,283.1399994,124.4199982,124.4199982,82,
2003,05.csv,1,1,4753.184021,57.96565879,55.65699959,29.12168139,15.00399971,103.0080032,88.00400352,15.00399971,15.00399971,82,
2003,06.csv,1,1,0,0,0,0,0,0,0,0,0,1,
2003,07.csv,1,1,67.18699946,0.819353652,0,2.593970723,0,15.95300007,15.95300007,0.006,0,15,
2003,08.csv,1,1,2144.485006,26.15225617,27.83250046,10.27629988,9.475000381,61.4980011,52.02300072,9.475000381,9.475000381,82,
2003,09.csv,1,1,152.8030003,1.863451224,0.0275,3.020545524,0,10.31900024,10.31900024,0.013,0,43,
2004,01.csv,1,1,8204.823025,100.0588174,101.1260033,17.02272836,62.73099899,133.1560059,70.42500687,62.73099899,62.73099899,82,
2004,010.csv,1,1,14242.86302,173.6934515,175.9589996,33.41780623,107.9919968,239.2230072,131.2310104,107.9919968,107.9919968,82,
2004,011.csv,1,1,7437.916996,90.70630483,91.3769989,8.54700959,63.16199875,106.1029968,42.94099808,63.16199875,63.16199875,82,
2004,012.csv,1,1,15297.95396,186.5604142,188.7034988,28.6506993,118.0149994,237.7050018,119.6900024,118.0149994,118.0149994,82,
2004,02.csv,1,1,17332.10799,211.3671706,210.1790009,38.19069913,119.7570038,270.4779968,150.720993,119.7570038,119.7570038,82,
2004,03.csv,1,1,3238.143011,39.48954892,38.78649902,6.597857428,26.04100037,53.91500092,27.87400055,26.04100037,26.04100037,82,
2004,04.csv,1,1,1087.012997,13.25625607,11.90799999,5.785007351,3.720000029,29.20100021,25.48100019,3.720000029,3.720000029,82,
2004,05.csv,1,1,1255.803007,15.31467082,9.58550024,13.86272846,2,49.20800018,47.20800018,2,2,82,
2004,06.csv,1,1,174.7399995,2.130975604,0,4.415154025,0,19.93400002,19.93400002,1.065000057,0,20,
2004,07.csv,1,1,42.6110006,0.519646349,0,1.38892935,0,6.701000214,6.701000214,0.004,0,17,
2004,08.csv,1,1,0.281999995,0.003439024,0,0.021820832,0,0.166999996,0.166999996,0.005,0,4,
2004,09.csv,1,1,719.3279979,8.772292658,9.442499638,1.75844137,2.236999989,11.06099987,8.823999882,2.236999989,2.236999989,82,
2005,01.csv,1,1,21305.28806,259.820586,276.4420013,57.41490962,129,359.3240051,230.3240051,129,129,82,
2005,010.csv,1,1,1664.075005,20.29359762,16.20300007,9.80204395,6.804999828,55.08100128,48.27600145,6.804999828,6.804999828,82,
2005,011.csv,1,1,5576.625988,68.007634,67.59149933,22.00855281,25.78300095,108.2360001,82.45299911,25.78300095,25.78300095,82,
2005,012.csv,1,1,35420.72394,431.960048,445.654007,99.10757219,241.9550018,622.3469849,380.391983,241.9550018,241.9550018,82,
2005,02.csv,1,1,10246.09,124.952317,129.2054977,24.22312705,67.12799835,159.2429962,92.11499786,67.12799835,67.12799835,82,
2005,03.csv,1,1,19971.25499,243.5518901,260.3164978,41.16120341,113.6589966,289.822998,176.1640015,113.6589966,113.6589966,82,
2005,04.csv,1,1,6080.137978,74.14802412,69.36049652,20.71621468,43.61199951,124.5830002,80.97100067,43.61199951,43.61199951,82,
2005,05.csv,1,1,11084.50296,135.1768654,132.0259933,57.36748581,44.81200027,248.9889984,204.1769981,44.81200027,44.81200027,82,
2005,06.csv,1,1,4200.877007,51.2302074,48.10099983,18.92906241,20.43700027,84.3730011,63.93600082,20.43700027,20.43700027,82,
2005,07.csv,1,1,0,0,0,0,0,0,0,0,0,1,
2005,08.csv,1,1,84.26000044,1.027560981,0.650000006,1.347333756,0,8.503000259,8.503000259,0.004,0,68,
2005,09.csv,1,1,947.0709996,11.54964634,11.19749975,3.874306998,4.054999828,21.11899948,17.06399965,4.054999828,4.054999828,82,
2006,01.csv,1,1,18997.09602,231.6719027,222.2389984,70.41947255,125.9830017,375.3519897,249.368988,125.9830017,125.9830017,82,
2006,010.csv,1,1,1348.672999,16.4472317,15.53600025,5.433955975,7.402999878,37.74300003,30.34000015,7.402999878,7.402999878,82,
2006,011.csv,1,1,7838.933002,95.59674393,88.64649963,34.50773667,36.87799835,157.371994,120.4939957,36.87799835,36.87799835,82,
2006,012.csv,1,1,11652.487,142.1035,148.8125,20.03068289,94.52899933,172.9689941,78.43999481,94.52899933,94.52899933,82,
2006,02.csv,1,1,9444.539024,115.1773052,112.6889992,33.88932179,43.9109993,166.397995,122.4869957,43.9109993,43.9109993,82,
2006,03.csv,1,1,24515.96204,298.9751468,315.7345123,67.11740122,158.8350067,428.1640015,269.3289948,158.8350067,158.8350067,82,
2006,04.csv,1,1,24723.93311,301.5113793,311.9494934,53.84234031,170.6519928,418.4219971,247.7700043,170.6519928,170.6519928,82,
2006,05.csv,1,1,2910.128014,35.48936602,34.03249931,7.028775021,23.89800072,50.55599976,26.65799904,23.89800072,23.89800072,82,
2006,06.csv,1,1,69.24699951,0.844475604,0,1.400369891,0,4.890999794,4.890999794,0.002,0,33,
2006,07.csv,1,1,17.75500009,0.216524391,0,0.651601506,0,3.680000067,3.680000067,0.009,0,14,
2006,08.csv,1,1,0.310000002,0.003780488,0,0.034024391,0,0.310000002,0.310000002,0.310000002,0,2,
2006,09.csv,1,1,12.903,0.157353659,0,0.374848274,0,1.463999987,1.463999987,0.003,0,19,
2007,01.csv,1,1,3653.238999,44.55169511,48.07649994,13.63891039,11.48700047,72.27600098,60.78900051,11.48700047,11.48700047,82,
2007,010.csv,1,1,4048.268991,49.36913404,50.96700096,6.913151604,29.49699974,62.48199844,32.9849987,29.49699974,29.49699974,82,
2007,011.csv,1,1,2439.869999,29.75451218,30.16049957,2.013714485,25.82900047,34.29999924,8.470998764,25.82900047,25.82900047,82,
2007,012.csv,1,1,11552.84403,140.8883419,146.9305038,17.37438071,99.85700226,166.6320038,66.77500153,99.85700226,99.85700226,82,
2007,02.csv,1,1,21962.30098,267.8329388,280.0970001,49.58223426,143.0339966,323.8999939,180.8659973,143.0339966,143.0339966,82,
2007,03.csv,1,1,3564.503984,43.46956079,44.20149994,10.96924885,17.30699921,64.45800018,47.15100098,17.30699921,17.30699921,82,
2007,04.csv,1,1,6183.344013,75.40663431,75.84249878,13.7691015,51.56499863,113.3050003,61.74000168,51.56499863,51.56499863,82,
2007,05.csv,1,1,2092.420999,25.51732925,23.65100002,13.30484593,7.159999847,50.67499924,43.51499939,7.159999847,7.861000061,81,
2007,06.csv,1,1,263.6469999,3.215207316,2.613499999,2.398701091,0,8.678999901,8.678999901,0.021,0,81,
2007,07.csv,1,1,27.07100008,0.330134147,0,0.591516838,0,2.696000099,2.696000099,0.002,0,29,
2007,08.csv,1,1,10.27799996,0.125341463,0,0.427038816,0,3.013000011,3.013000011,0.001,0,14,
2007,09.csv,1,1,1006.871999,12.27892682,10.41400003,5.681405473,5.361999989,27.91300011,22.55100012,5.361999989,5.361999989,82,
2008,01.csv,1,1,20585.55099,251.0433048,257.0435028,49.54071504,168.8289948,340.2640076,171.4350128,168.8289948,168.8289948,82,
2008,010.csv,1,1,3015.041982,36.76880465,35.70949936,11.16064624,14.63899994,53.18299866,38.54399872,14.63899994,14.63899994,82,
2008,011.csv,1,1,8713.205009,106.2585977,108.7825012,20.87976828,64.60800171,142.6629944,78.05499268,64.60800171,64.60800171,82,
2008,012.csv,1,1,10600.71401,129.2770001,130.927002,43.708754,49.65399933,203.970993,154.3169937,49.65399933,49.65399933,82,
2008,02.csv,1,1,11624.76002,141.7653661,143.0709991,42.34629719,58.4980011,209.3509979,150.8529968,58.4980011,58.4980011,82,
2008,03.csv,1,1,2161.823002,26.36369514,25.58500004,13.58538075,3.280999899,55.56000137,52.27900147,3.280999899,3.280999899,82,
2008,04.csv,1,1,502.5279994,6.128390237,5.727999926,2.651501746,2.00999999,13.19900036,11.18900037,2.00999999,2.00999999,82,
2008,05.csv,1,1,3141.636003,38.31263418,45.44499969,27.49605673,1.136000037,93.14299774,92.0069977,1.136000037,1.136000037,82,
2008,06.csv,1,1,0.947999997,0.011560976,0,0.065435148,0,0.555000007,0.555000007,0.001,0,5,
2008,07.csv,1,1,0.189000003,0.002304878,0,0.014924762,0,0.115000002,0.115000002,0.074000001,0,3,
2008,08.csv,1,1,0,0,0,0,0,0,0,0,0,1,
2008,09.csv,1,1,14.47599991,0.176536584,0,0.516734566,0,2.569000006,2.569000006,0.003,0,16,
2009,01.csv,1,1,8149.521027,99.38440276,100.5900002,23.1694647,60.4070015,138.1000061,77.69300461,60.4070015,60.4070015,82,
2009,010.csv,1,1,6778.103985,82.65980469,77.35649872,25.82985369,43.74499893,150.2089996,106.4640007,43.74499893,43.74499893,82,
2009,011.csv,1,1,2764.078993,33.7082804,34.30599976,5.189089916,22.2310009,43.45399857,21.22299767,22.2310009,22.2310009,82,
2009,012.csv,1,1,13508.54798,164.73839,168.6655045,37.76272978,74.22299957,228.6499939,154.4269943,74.22299957,74.22299957,82,
2009,02.csv,1,1,16230.73899,197.9358414,200.0510025,27.82584906,124.4469986,240.2590027,115.8120041,124.4469986,124.4469986,82,
2009,03.csv,1,1,12928.52106,157.664891,146.4335022,53.62737434,64.23899841,281.131012,216.8920135,64.23899841,64.23899841,82,
2009,04.csv,1,1,4399.365019,53.65079291,56.57400131,11.21617973,29.84600067,70.08399963,40.23799896,29.84600067,29.84600067,82,
2009,05.csv,1,1,8312.829002,101.3759634,91.9355011,39.14620775,44.05199814,195.9579926,151.9059944,44.05199814,44.05199814,82,
2009,06.csv,1,1,477.5690005,5.824012201,3.595999956,4.711063467,1.414999962,18.45599937,17.04099941,1.414999962,2.661000013,80,
2009,07.csv,1,1,12.02100002,0.146597561,0,0.259824841,0,0.906000018,0.906000018,0.004,0,26,
2009,08.csv,1,1,57.9550002,0.706768295,0,1.434202297,0,8.451000214,8.451000214,0.002,0,40,
2009,09.csv,1,1,228.9769993,2.79240243,2.75150001,0.667599588,1.633999944,4.745999813,3.111999869,1.633999944,2.505000114,81,
2010,01.csv,1,1,15471.79398,188.6804143,192.7094955,21.55871391,118.2330017,225.2669983,107.0339966,118.2330017,118.2330017,82,
2010,010.csv,1,1,13968.67499,170.349695,164.2659988,49.09695766,79.51399994,254.4320068,174.9180069,79.51399994,79.51399994,82,
2010,011.csv,1,1,14763.33601,180.0406831,173.8444977,35.76606596,89.86199951,242.6620026,152.8000031,89.86199951,89.86199951,82,
2010,012.csv,1,1,27702.61493,337.8367674,348.2854919,80.17838186,156.8619995,455.5950012,298.7330017,156.8619995,156.8619995,82,
2010,02.csv,1,1,9994.673988,121.8862682,124.5994987,19.46567046,70.85600281,151.7449951,80.88899231,70.85600281,70.85600281,82,
2010,03.csv,1,1,10480.63997,127.8126825,126.9159966,39.15893479,51.66400146,228.0299988,176.3659973,51.66400146,51.66400146,82,
2010,04.csv,1,1,13918.84503,169.7420126,169.2145004,29.20239982,87.75099945,229.3699951,141.6189957,87.75099945,87.75099945,82,
2010,05.csv,1,1,8735.929008,106.5357196,114.4949989,38.96367032,29.95899963,166.8300018,136.8710022,29.95899963,29.95899963,82,
2010,06.csv,1,1,202.1079997,2.464731704,1.620999992,1.687428095,0.643000007,6.881999969,6.238999963,0.643000007,1.353000045,79,
2010,07.csv,1,1,8.323000112,0.101500001,0,0.339903444,0,2.177000046,2.177000046,0.001,0,13,
2010,08.csv,1,1,8.982000061,0.109536586,0,0.387704011,0,2.607000113,2.607000113,0.014,0,13,
2010,09.csv,1,1,18.65900001,0.227548781,0,0.295000669,0,0.985000014,0.985000014,0.01,0,40,
2011,01.csv,1,1,5553.027004,67.71984152,69.7254982,6.631008389,46.12099838,77.36599731,31.24499893,46.12099838,46.12099838,82,
2011,010.csv,1,1,7249.45002,88.40792707,89.48950195,13.07362505,59.56800079,110.5780029,51.01000214,59.56800079,59.56800079,82,
2011,011.csv,1,1,3128.504999,38.15249999,39.72099876,9.393248704,23.65999985,53.58800125,29.9280014,23.65999985,23.65999985,82,
2011,012.csv,1,1,148.982,1.816853658,1.668500006,0.488654187,1.121000051,3.308000088,2.187000036,1.121000051,1.353999972,80,
2011,02.csv,1,1,14177.93,172.9015854,166.684494,27.86590549,105.5169983,230.6199951,125.1029968,105.5169983,105.5169983,82,
2011,03.csv,1,1,32895.02092,401.1587917,395.2949982,90.534888,199.9400024,561.4719849,361.5319824,199.9400024,199.9400024,82,
2011,04.csv,1,1,4085.564001,49.82395123,42.39350128,28.52432102,8.293999672,124.3470001,116.0530005,8.293999672,8.293999672,82,
2011,05.csv,1,1,7785.024994,94.93932919,96.76550293,21.06018867,50.55400085,127.9700012,77.41600037,50.55400085,50.55400085,82,
2011,06.csv,1,1,6182.561996,75.39709752,79.81850052,15.36258268,36.99499893,98.71199799,61.71699905,36.99499893,36.99499893,82,
2011,07.csv,1,1,16.81199969,0.205024386,0,0.786681897,0,5.298999786,5.298999786,0.008,0,12,
2011,08.csv,1,1,0,0,0,0,0,0,0,0,0,1,
2011,09.csv,1,1,475.7520023,5.801853687,6.496500015,5.273112617,0,15.69200039,15.69200039,0.004,0,70,
2012,01.csv,1,1,12145.68101,148.1180611,139.3695068,35.5128855,79.30599976,225.6239929,146.3179932,79.30599976,79.30599976,82,
2012,010.csv,1,1,4701.629,57.33693902,60.89649963,15.93390397,22.92700005,82.16400146,59.23700142,22.92700005,22.92700005,82,
2012,011.csv,1,1,14452.40592,176.2488527,186.2054977,36.83226622,74.17299652,234.9949951,160.8219986,74.17299652,74.17299652,82,
2012,012.csv,1,1,28771.63702,350.8736222,361.7980042,89.46519615,171.7279968,495.5880127,323.8600159,171.7279968,171.7279968,82,
2012,02.csv,1,1,3856.221016,47.02708556,48.88800049,7.731401071,21.04500008,61.7179985,40.67299843,21.04500008,49.67100143,81,
2012,03.csv,1,1,21480.952,261.9628292,276.0514984,51.63739554,130.0769958,348.0329895,217.9559937,130.0769958,130.0769958,82,
2012,04.csv,1,1,13435.09894,163.84267,170.2959976,23.76636313,77.20600128,194.348999,117.1429977,77.20600128,77.20600128,82,
2012,05.csv,1,1,697.6344839,8.507737609,10.08734941,4.624810388,0,14.86170006,14.86170006,0.0014,0,81,
2012,06.csv,1,1,1629.237004,19.86874395,18.59150028,11.94506691,2.065000057,37.00600052,34.94100046,2.065000057,2.065000057,82,
2012,07.csv,1,1,413.5030011,5.042719526,5.665999889,2.941491133,0,10.49699974,10.49699974,0.063000001,0,80,
2012,08.csv,1,1,143.1620002,1.745878051,0.024999999,3.415238906,0,19.61700058,19.61700058,0.001,0,48,
2012,09.csv,1,1,149.1839999,1.819317072,1.64199996,1.289918623,0,4.375,4.375,0.001,0,76,
2013,01.csv,1,1,2679.174006,32.67285373,33.25149918,4.59682922,22.3920002,39.46099854,17.06899834,22.3920002,22.3920002,82,
2013,010.csv,1,1,931.6949965,11.3621341,7.147000074,9.951786895,0,32.1609993,32.1609993,0.003,0,79,
2013,011.csv,1,1,3340.562006,40.73856105,41.80800056,6.886213961,21.20499992,52.17399979,30.96899986,21.20499992,21.20499992,82,
2013,012.csv,1,1,2081.377994,25.38265846,21.33650017,13.50105982,9.708999634,56.5340004,46.82500076,9.708999634,13.74300003,81,
2013,02.csv,1,1,1575.097005,19.20850006,19.96350002,3.909412479,10.33500004,25.44400024,15.10900021,10.33500004,10.33500004,82,
2013,03.csv,1,1,6580.963985,80.25565836,84.10099792,20.4872146,33.375,116.961998,83.58699799,33.375,33.375,82,
2013,04.csv,1,1,3822.023993,46.6100487,43.77750015,18.58733061,14.28600025,91.51999664,77.23399639,14.28600025,14.28600025,82,
2013,05.csv,1,1,2715.506998,33.115939,40.43000031,17.58048363,2.099999905,60.72000122,58.62000132,2.099999905,2.099999905,82,
2013,06.csv,1,1,2414.534004,29.44553663,27.8760004,14.55293833,6.416999817,55.35300064,48.93600082,6.416999817,6.416999817,82,
2013,07.csv,1,1,26.91000004,0.328170732,0,0.580654487,0,2.960999966,2.960999966,0.032000002,0,35,
2013,08.csv,1,1,5.681999959,0.069292682,0,0.294004001,0,2.082000017,2.082000017,0.011,0,9,
2013,09.csv,1,1,2421.329001,29.52840246,33.03949928,8.612222841,8.75,47.53900146,38.78900146,8.75,8.75,82,
2014,01.csv,1,1,3137.092013,38.25721968,37.66600037,14.30152647,10.91699982,69.51599884,58.59899902,10.91699982,10.91699982,82,
2014,010.csv,1,1,1966.156,23.97751219,25.98600006,5.830057967,7.407000065,32.25600052,24.84900045,7.407000065,7.407000065,82,
2014,011.csv,1,1,7345.612972,89.580646,93.50550079,18.51024496,43.12099838,116.7839966,73.6629982,43.12099838,43.12099838,82,
2014,012.csv,1,1,21061.33992,256.8456088,259.2614899,12.57968675,208.9519958,274.071991,65.11999512,208.9519958,208.9519958,82,
2014,02.csv,1,1,23088.698,281.5694878,301.6399994,49.72602194,136.1499939,342.6239929,206.473999,136.1499939,136.1499939,82,
2014,03.csv,1,1,13484.95902,164.4507198,170.7825012,23.43985092,113.5130005,203.5339966,90.02099609,113.5130005,113.5130005,82,
2014,04.csv,1,1,6794.298992,82.85730478,89.97900009,16.57322516,44.35800171,111.711998,67.35399628,44.35800171,44.35800171,82,
2014,05.csv,1,1,1212.492992,14.7864999,14.94950008,7.410123606,2.13499999,30.4489994,28.31399941,2.13499999,2.13499999,82,
2014,06.csv,1,1,11.7339998,0.143097559,0,0.411765306,0,1.860999942,1.860999942,0.054000001,0,13,
2014,07.csv,1,1,209.6110021,2.556231733,0.562000006,4.357160919,0,21.56800079,21.56800079,0.009,0,65,
2014,08.csv,1,1,129.7080008,1.581804888,0.164000005,2.440630194,0,12.06200027,12.06200027,0.001,0,54,
2014,09.csv,1,1,2167.311984,26.43063395,28.14649963,8.455785867,10.05900002,40.5929985,30.53399849,10.05900002,19.17900085,81,
2015,01.csv,1,1,128.0419996,1.5614878,1.672500014,1.078521691,0,4.026000023,4.026000023,0.059999999,0,70,
2015,010.csv,1,1,4168.042976,50.82979239,56.89299965,18.59075225,5.646999836,79.55999756,73.91299772,5.646999836,5.646999836,82,
2015,011.csv,1,1,10397.226,126.795439,134.676506,22.45869218,62.56200027,157.8130035,95.25100327,62.56200027,62.56200027,82,
2015,012.csv,1,1,19560.15199,238.5384389,251.8755035,76.5923014,81.45999908,362.8729858,281.4129868,81.45999908,81.45999908,82,
2015,02.csv,1,1,14000.63302,170.7394271,183.5235062,36.77495633,75.50499725,213.4400024,137.9350052,75.50499725,75.50499725,82,
2015,03.csv,1,1,2034.367003,24.8093537,27.03550053,9.192761188,4.126999855,44.55799866,40.4309988,4.126999855,4.126999855,82,
2015,04.csv,1,1,6816.724991,83.13079257,86.80049896,12.51430397,52.94200134,101.8300018,48.88800049,52.94200134,52.94200134,82,
2015,05.csv,1,1,2990.123018,36.46491486,30.19499969,13.89968942,20.67700005,67.32499695,46.6479969,20.67700005,20.67700005,82,
2015,06.csv,1,1,1109.530996,13.5308658,5.535000086,13.32847323,0,39.96699905,39.96699905,0,0,82,
2015,07.csv,1,1,272.2619988,3.320268278,2.108999968,3.941851091,0,22.86100006,22.86100006,0,2.088000059,80,
2015,08.csv,1,1,41.23999972,0.502926826,0,0.981389485,0,5.335000038,5.335000038,0.017000001,0,31,
2015,09.csv,1,1,58.97899998,0.719256097,0.002,1.299560103,0,6.269999981,6.269999981,0.004,0,41,
2016,01.csv,1,1,22837.09216,278.5011238,294.3800049,68.86904231,124.0080032,395.2260132,271.2180099,124.0080032,124.0080032,82,
2016,010.csv,1,1,22353.52187,272.6039252,281.8244934,58.9786734,147.1849976,357.4989929,210.3139954,147.1849976,147.1849976,82,
2016,011.csv,1,1,9567.016953,116.6709384,120.7754974,17.20100709,74.98899841,142.2310028,67.24200439,74.98899841,74.98899841,82,
2016,012.csv,1,1,16791.00804,204.7683907,211.7789993,55.90565577,75.40799713,295.5390015,220.1310043,75.40799713,75.40799713,82,
2016,02.csv,1,1,4206.167019,51.29471974,51.05550003,14.65313718,16.99500084,76.88300323,59.8880024,16.99500084,16.99500084,82,
2016,03.csv,1,1,23730.57695,289.3972799,312.503006,59.61789383,153.0220032,391.0969849,238.0749817,153.0220032,153.0220032,82,
2016,04.csv,1,1,7149.638996,87.19071946,91.60550308,14.61880618,55.19200134,117.8339996,62.64199829,55.19200134,55.19200134,82,
2016,05.csv,1,1,2093.384005,25.52907324,27.70149994,12.18034395,3.217000008,45.8030014,42.5860014,3.217000008,3.217000008,82,
2016,06.csv,1,1,34.29799982,0.418268291,0,0.797362419,0,2.674999952,2.674999952,0.003,0,24,
2016,07.csv,1,1,0,0,0,0,0,0,0,0,0,1,
2016,08.csv,1,1,17.40299981,0.212231705,0,0.525077409,0,3.596999884,3.596999884,0.001,0,36,
2016,09.csv,1,1,141.1880006,1.721804886,0.078500003,3.015561149,0,12,12,0.004,0,46,
2017,01.csv,1,1,48783.47897,594.9204753,608.8935242,168.7483335,276.6700134,905.8959961,629.2259827,276.6700134,276.6700134,82,
2017,010.csv,1,1,1061.267998,12.94229266,15.02349997,4.045058751,3.076999903,22.33799934,19.26099944,3.076999903,3.076999903,82,
2017,011.csv,1,1,20189.61895,246.2148652,255.5540085,61.90568557,117.0830002,353.8789978,236.7959976,117.0830002,117.0830002,82,
2017,012.csv,1,1,1702.152003,20.75795126,21.67449951,2.948279269,11.67800045,24.92399979,13.24599934,11.67800045,22.35000038,81,
2017,02.csv,1,1,40620.74506,495.3749397,517.7770081,116.1914314,206.3480072,642.5,436.1519928,206.3480072,206.3480072,82,
2017,03.csv,1,1,11341.409,138.3098658,139.9319992,32.30110683,69.79799652,212.6620026,142.864006,69.79799652,69.79799652,82,
2017,04.csv,1,1,14161.66299,172.7032072,163.586998,51.12682436,79.34600067,286.9460144,207.6000137,79.34600067,79.34600067,82,
2017,05.csv,1,1,1271.921999,15.51124389,11.26250029,10.48875352,1.212000012,36.83100128,35.61900127,1.212000012,1.212000012,82,
2017,06.csv,1,1,1312.292998,16.00357315,16.82749939,4.857526086,7.287000179,25.95899963,18.67199945,7.287000179,7.287000179,82,
2017,07.csv,1,1,6.508000015,0.079365854,0,0.234432604,0,1.424999952,1.424999952,0.001,0,20,
2017,08.csv,1,1,133.6450021,1.629817099,0.043,4.341722513,0,29.56599998,29.56599998,0.009,0,47,
2017,09.csv,1,1,1062.775006,12.96067081,3.473499894,19.523802,0,74.23000336,74.23000336,0.003,0,61,
2018,01.csv,1,1,13036.12603,158.9771467,160.2169952,18.36608651,109.8180008,188.8350067,79.01700592,109.8180008,109.8180008,82,
2018,010.csv,1,1,1569.852995,19.14454872,16.75049973,6.700461799,7.480999947,36.35300064,28.87200069,7.480999947,7.480999947,82,
2018,011.csv,1,1,13122.88399,160.0351706,167.5749969,32.09743314,87.02200317,203.1109924,116.0889893,87.02200317,87.02200317,82,
2018,012.csv,1,1,7245.694004,88.362122,89.83349991,13.76816715,63.60100174,118.7750015,55.17399979,63.60100174,63.60100174,82,
2018,02.csv,1,1,2438.672993,29.73991455,31.06999969,6.355848303,17.23500061,41.74399948,24.50899887,17.23500061,17.23500061,82,
2018,03.csv,1,1,28779.32192,350.9673405,362.2259979,92.98462601,125.1169968,520.9210205,395.8040237,125.1169968,125.1169968,82,
2018,04.csv,1,1,8779.754978,107.0701827,114.2799988,17.55292654,63.67699814,138.4109955,74.73399734,63.67699814,63.67699814,82,
2018,05.csv,1,1,1908.063,23.26906097,16.97049999,10.25429926,11.09000015,46.21500015,35.125,11.09000015,11.09000015,82,
2018,06.csv,1,1,0.604999987,0.007378049,0,0.043791812,0,0.382999986,0.382999986,0.002,0,8,
2018,07.csv,1,1,11.45199994,0.139658536,0,0.518144605,0,2.904999971,2.904999971,0.003,0,11,
2018,08.csv,1,1,3.095999971,0.037756097,0,0.157546241,0,1.06099999,1.06099999,0.063000001,0,8,
2018,09.csv,1,1,0,0,0,0,0,0,0,0,0,1,
2019,01.csv,1,1,19190.099,234.0255975,241.2139969,62.80834972,111.3830032,344.1159973,232.7329941,111.3830032,111.3830032,82,
2019,010.csv,1,1,171.2089994,2.087914627,2.068500042,1.398304808,0,4.971000195,4.971000195,0.018999999,0,77,
2019,011.csv,1,1,4218.289,51.44254878,52.64599991,14.17933843,15.97900009,73.74099731,57.76199722,15.97900009,15.97900009,82,
2019,012.csv,1,1,19119.41411,233.1635867,242.4120026,53.92558624,141.6690063,320.9689941,179.2999878,141.6690063,141.6690063,82,
2019,02.csv,1,1,34557.16806,421.4288788,426.2324982,105.5292157,209.3540039,584.8099976,375.4559937,209.3540039,209.3540039,82,
2019,03.csv,1,1,18067.74294,220.3383285,237.9765015,65.63431711,82.47399902,336.9649963,254.4909973,82.47399902,82.47399902,82,
2019,04.csv,1,1,5294.113997,64.56236581,68.80350113,19.57984882,27.88899994,105.625,77.73600006,27.88899994,27.88899994,82,
2019,05.csv,1,1,13999.23505,170.7223786,186.9365005,37.63956569,74.03099823,229.6390076,155.6080093,74.03099823,74.03099823,82,
2019,06.csv,1,1,600.9170017,7.328256119,2.279499948,7.846018358,0,23.30599976,23.30599976,0.001,0,58,
2019,07.csv,1,1,5.769000058,0.070353659,0,0.210539054,0,1.136000037,1.136000037,0.003,0,17,
2019,08.csv,1,1,0,0,0,0,0,0,0,0,0,1,
2019,09.csv,1,1,3241.001993,39.52441455,40.94650078,8.697351952,17.50399971,55.46699905,37.96299934,17.50399971,17.50399971,82,
2020,01.csv,1,1,6506.851013,79.35184162,82.23099899,12.65810908,40.71900177,102.3450012,61.62599945,40.71900177,40.71900177,82,
2020,010.csv,1,1,0,0,0,0,0,0,0,0,0,1,
2020,011.csv,1,1,6316.380005,77.02902445,75.3065033,26.23900225,20.87299919,137.0390015,116.1660023,20.87299919,20.87299919,82,
2020,012.csv,1,1,7200.952015,87.81648799,87.48300171,24.39225546,48.38999939,145.7250061,97.33500671,48.38999939,48.38999939,82,
2020,02.csv,1,1,83.64399968,1.020048777,0.854999989,0.855421705,0,3.499000072,3.499000072,0.001,0,73,
2020,03.csv,1,1,17694.22995,215.7832921,235.5589981,54.5770447,81.23400116,306.2409973,225.0069962,81.23400116,81.23400116,82,
2020,04.csv,1,1,7934.445004,96.76152443,97.11999893,13.07152908,55.93700027,128.6009979,72.66399765,55.93700027,55.93700027,82,
2020,05.csv,1,1,5735.505997,69.94519508,76.17449951,20.87485234,24.57799911,106.1740036,81.59600449,24.57799911,24.57799911,82,
2020,06.csv,1,1,232.3170003,2.833134151,2.086000025,2.392510088,0.01,8.425000191,8.415000191,0.01,0.940999985,81,
2020,07.csv,1,1,17.70999994,0.215975609,0,0.62713137,0,3.404999971,3.404999971,0.003,0,21,
2020,08.csv,1,1,34.04099982,0.415134144,0,1.124850477,0,7.372000217,7.372000217,0.001,0,27,
2020,09.csv,1,1,11.01800009,0.134365855,0,0.423713538,0,2.249000072,2.249000072,0.001,0,16,
2021,01.csv,1,1,14580.88575,177.8156799,182.8711929,21.36402519,112.2108002,206.6994934,94.48869324,112.2108002,112.2108002,82,
2021,010.csv,1,1,23060.13095,281.2211092,285.0725403,45.7708896,183.7386017,362.468689,178.7300873,183.7386017,183.7386017,82,
2021,011.csv,1,1,3116.565619,38.00689779,37.69694901,8.576590287,21.76509857,58.16519928,36.40010071,21.76509857,21.76509857,82,
2021,02.csv,1,1,23060.13095,281.2211092,285.0725403,45.7708896,183.7386017,362.468689,178.7300873,183.7386017,183.7386017,82,
2021,03.csv,1,1,22.9161996,0.279465849,0,0.727773104,0,3.210999966,3.210999966,0.0012,0,20,
2021,04.csv,1,1,752.0569818,9.171426608,7.251649857,7.286729696,0.352899998,25.98259926,25.62969926,0.352899998,0.352899998,82,
2021,05.csv,1,1,745.1310809,9.086964401,9.498799801,1.919231965,2.442600012,11.79360008,9.351000071,2.442600012,2.442600012,82,
2021,06.csv,1,1,22.9161996,0.279465849,0,0.727773104,0,3.210999966,3.210999966,0.0012,0,20,
2021,07.csv,1,1,69.44979835,0.84694876,0,1.709219169,0,5.793699741,5.793699741,0.0007,0,27,
2021,08.csv,1,1,8045.098621,98.1109588,105.3953972,23.19734131,48.13710022,134.5612946,86.42419434,48.13710022,48.13710022,82,
2021,09.csv,1,1,745.1310809,9.086964401,9.498799801,1.919231965,2.442600012,11.79360008,9.351000071,2.442600012,2.442600012,82,
