OBJECTID,YEAR_,STATE,AGENCY,UNIT_ID,FIRE_NAME,INC_NUM,ALARM_DATE,CONT_DATE,CAUSE,COMMENTS,REPORT_AC,GIS_ACRES,C_METHOD,OBJECTIVE,FIRE_NUM,Shape_Leng,Shape_Area,area
22273,"2005",CA,BLM,BBD,SANDRIDGE,0000B3CK,2005/08/04 00:00:00.000,2005/08/04 00:00:00.000,"14",,18.000000000000000,18.630725860595703,"6","1",0000B3CK,1138.781384070200829,75395.872082102796412,75395.873
22368,"2005",CA,CDF,AEU,SERENITY,"00014757",2005/09/16 00:00:00.000,2005/09/16 00:00:00.000,"7",,28.000000000000000,23.815967559814453,"8","1","00000418",1458.313100990590783,96379.800444813925424,96379.801
22369,"2005",CA,CDF,AEU,SAND RIDGE,"00012102",2005/08/04 00:00:00.000,2005/08/04 00:00:00.000,"7",,20.000000000000000,5.670744895935060,"8","1","00000298",766.632456926015948,22948.690353275389498,22948.690
22515,"1964",CA,CDF,AEU,WHITR ROCK,"00000000",1964/08/19 00:00:00.000,,"14",,,378.445098876953125,,"1","00000124",5633.751681830945927,1531512.965654014842585,1531512.956
22605,"1924",CA,USF,ENF,PI PI-INDIAN DIGGING,"00000000",1924/08/18 00:00:00.000,,"9",,,8947.786132812500000,,"1",000013C2,28275.268091432750225,36210405.392353229224682,7981003.956
22616,"1924",CA,USF,ENF,UPPER DESOLATION VAL,"00000000",1924/08/13 00:00:00.000,,"14",,,10973.407226562500000,,"1",000038C5,42950.369883252569707,44407804.046842828392982,44407803.960
22769,"1929",CA,USF,ENF,MUD SPRINGS,"00000000",1929/05/21 00:00:00.000,,"14",,,18.905765533447266,,"1","00000009",1142.864519270566007,76508.919457658630563,6262.403
22802,"1936",CA,USF,ENF,,"00000000",,,"9",,,776.683959960937500,,"1",0000100C,8400.512483011498261,3143128.568353057838976,3143128.732
23152,"1926",CA,USF,ENF,,"00000000",,,"14",,,435.045379638671875,,"1",000039C4,6357.934779661189168,1760566.231434495188296,1760566.270
23153,"1926",CA,USF,ENF,,"00000000",,,"9",,,549.945190429687500,,"1",000039C4,7041.605889083613874,2225549.209554440341890,2225549.213
23154,"1926",CA,USF,ENF,,"00000000",,,"9",,,34.451789855957031,,"1",000028C1,1346.076431764191966,139421.448390184057644,139421.449
23155,"1926",CA,USF,ENF,,"00000000",,,"9",,,19.684328079223633,,"1",000054C7,1143.646415802305000,79659.646919055288890,79659.643
23354,"1924",CA,USF,ENF,,"00000000",,,"9",,,496.616943359375000,,"1",000058G1,6455.944167856653621,2009737.455820643343031,1975631.701
23363,"1952",CA,CDF,AEU,DRESSLER,"00000000",1952/08/08 00:00:00.000,,"14",,,1555.240844726562500,,"1","00000102",11969.776752242374641,6293836.431354503147304,6293836.459
23385,"1933",CA,USF,ENF,STEELEY,"00000000",1933/09/08 00:00:00.000,,"9",,,15.278353691101074,,"1",000059C1,910.288790499111428,61829.304250871442491,61829.305
23582,"1930",CA,USF,ENF,CALDOR FIRE,"00000000",1930/07/25 00:00:00.000,,"9",,,232.934463500976562,,"1","00000022",4810.872037101921705,942652.351508530904539,942652.353
23788,"1929",CA,USF,ENF,HAZEL VALLEY,"00000000",1929/02/27 00:00:00.000,,"9",,,246.527435302734375,,"1",000078P1,6439.723641071717793,997661.161912386189215,861498.151
23789,"1929",CA,USF,ENF,HAPPY VALLEY,"00000000",1929/07/07 00:00:00.000,,"9",,,19.229059219360352,,"1",000016C6,1069.003245570076388,77817.239713411923731,77817.235
23903,"1951",CA,CDF,AEU,PACIFIC MINE,"00000000",1951/07/18 00:00:00.000,,"14",,,902.471740722656250,,"1","00000047",9196.858941150332612,3652173.539644719101489,45025.452
23936,"2006",CA,CDF,AEU,ORE,"00012132",2006/07/16 00:00:00.000,2006/07/16 00:00:00.000,"10",,85.000000000000000,85.496726989746094,"1","1","00000317",8861.210331440623122,345992.988159289408941,227843.257
23998,"1932",CA,USF,ENF,,"00000000",,,"9",,,327.511657714843750,,"1",000032C2,4517.605719887832493,1325392.613288961583748,1325392.617
24328,"1962",CA,CDF,AEU,KLOTZ,"00000000",1962/09/27 00:00:00.000,,"14",,,326.080902099609318,,"1","00000090",6430.146706004742555,1319602.595050506060943,1319602.600
24364,"1959",CA,CDF,AEU,SCOTT,"00000000",1959/08/02 00:00:00.000,,"14",,,480.048980712890625,,"1","00000104",7433.990222986863046,1942689.278238310245797,1942689.225
24574,"1920",CA,USF,ENF,BRYANTS MILL,"00000000",1920/05/27 00:00:00.000,,"14",,,8.395687103271484,,"1","00000005",664.518397582347575,33976.138577303623606,33976.139
24575,"1920",CA,USF,ENF,TWIN GULCH,"00000000",1920/08/15 00:00:00.000,,"14",,,88.730804443359375,,"1",000030C3,2160.303211285076941,359080.826154388545547,359080.826
24659,"1922",CA,USF,ENF,LEONI FIRE,"00000000",1922/08/17 00:00:00.000,,"9",,,35.729431152343750,,"1",000022C7,1521.254171582986601,144591.876555346098030,144591.864
24660,"1922",CA,USF,ENF,CALIF DOOR CO,"00000000",1922/07/12 00:00:00.000,,"9",,,39.388633728027344,,"1",000008C3,1626.756309339584277,159400.147715945495293,159400.148
24764,"2006",CA,CDF,AEU,"51","00015754",2006/09/02 00:00:00.000,2006/09/03 00:00:00.000,"2",,45.000000000000000,43.794326782226562,"1","1","00000477",2119.970872761631654,177229.357083000941202,177229.357
25453,"2005",CA,USF,ENF,MOUNTAIN,"00000000",2005/11/19 00:00:00.000,2005/11/21 00:00:00.000,"5",,40.000000000000000,25.803588867187500,"6","1","00000051",3617.818154460404003,104423.418203580455156,104423.422
25531,"1950",CA,CDF,AEU,STEVENS,"00000000",1950/08/27 00:00:00.000,,"14",,,313.152069091796875,,"1","00000123",5346.915853830446395,1267281.407453333027661,1267281.415
25724,"1961",CA,USF,ENF,,"00000000",,,"9",,,174.769042968750028,,"1","00000161",4647.205184423864921,707265.232893738895655,707265.232
25931,"1951",CA,CDF,AEU,DRESSLER,"00000000",1951/09/14 00:00:00.000,,"14",,,809.714904785156250,,"1","00000130",7377.411998260386099,3276799.949004468508065,3276798.892
26424,"1928",CA,USF,ENF,MCKINNEY CK,"00000000",1928/09/08 00:00:00.000,,"9",,,54.760147094726562,,"1",000054C1,2451.052229204214200,221606.450570189510472,221606.448
26425,"1928",CA,USF,ENF,,"00000000",,,"9",,,817.271972656250000,,"1",000048C1,8659.870418169517507,3307382.395514332689345,3307382.443
26426,"1928",CA,USF,ENF,MCKINNEY CK,"00000000",1928/09/08 00:00:00.000,,"9",,,131.374740600585938,,"1",000052C1,2963.333705550132890,531654.698650807724334,531654.725
26736,"1916",CA,USF,ENF,,"00000000",,,"9",,,32.251323699951172,,"1",0000P275,1439.163167393207459,130516.471505702298600,130516.474
26737,"1916",CA,USF,ENF,,"00000000",,,"9",,,1397.120483398437273,,"1",0000C261,10675.082499801636004,5653946.149845063686371,5653946.100
26885,"1919",CA,USF,ENF,GRIZZLY FLAT,"00000000",1919/09/21 00:00:00.000,,"14",,,232.225799560546875,,"1","00000044",3736.150368473290655,939784.476358408224769,939784.288
26886,"1919",CA,USF,ENF,,"00000000",,,"9",,,603.147827148437500,,"1","00000032",7126.371498129105021,2440852.709401248954237,2440852.761
26887,"1919",CA,USF,ENF,SILVER HILL,"00000000",1919/08/27 00:00:00.000,,"14",,,368.183959960937500,,"1","00000040",4400.581241924815913,1489987.608133500441909,1489987.609
26919,"1921",CA,USF,ENF,LOGGING CAMP,"00000000",1921/09/26 00:00:00.000,,"9",,,3.675256490707397,,"1",000060C1,463.098776574017961,14873.235028144086755,14873.235
27298,"1925",CA,USF,ENF,,"00000000",,,"1",,,37.482852935791016,,"1",0000006-,1556.340520141016214,151687.724844233860495,151687.720
27653,"1996",CA,CDF,AEU,SCOTT,"00002866",1996/08/02 00:00:00.000,,"7",,,8827.958007812500000,,"1","00000345",35449.587336988319294,35725479.560807362198830,9267867.024
27931,"2001",CA,CDF,AEU,WHITE,"00005937",2001/05/02 00:00:00.000,,"5",,,33.491176605224609,,"1","00000072",1451.496679531658174,135533.981645424588351,135533.972
27932,"2001",CA,CDF,AEU,FALCON,"00007991",2001/06/08 00:00:00.000,,"2",,,33.359413146972656,,"1","00000133",1515.747797552606698,135000.756205177924130,135000.744
27934,"2001",CA,CDF,AEU,FRENCH,"00008688",2001/06/19 00:00:00.000,,"2",,,66.669967651367188,,"1","00000175",2100.770574638237576,269803.772884535836056,269803.765
27938,"2001",CA,CDF,AEU,HIGHWAY-16,"00009735",2001/07/06 00:00:00.000,,"2",,,546.545471191406250,,"1","00000550",7565.717175766512810,2211791.125354223418981,26215.138
28063,"1934",CA,USF,ENF,,"00000000",,,"9",,,33.792827606201172,,"1","00000134",1445.788519274879491,136754.725440638343571,136754.721
28754,"2001",CA,CDF,AEU,HORIZON,"00009378",2001/07/01 00:00:00.000,,"2",,,35.027404785156250,,"1","00000218",1597.231777521590857,141750.878671978745842,141750.878
29371,"1976",CA,CDF,AEU,QUARRY,"00000000",1976/06/23 00:00:00.000,,"14",,,20869.755859375000000,,"1","00000206",65020.062403313801042,84456908.103322997689247,78283356.700
29415,"1960",CA,USF,ENF,CAMPINI,"00000000",1960/03/18 00:00:00.000,,"14",,,23.402265548706055,,"1","00000001",1182.091098827760106,94705.607333052554168,2040.467
29590,"1964",CA,CDF,AEU,INDIAN CREEK FIRE,"00000000",1964/07/12 00:00:00.000,,"14",,,725.209899902343864,,"1","00000069",7116.056935804458590,2934820.277241439092904,2934820.282
29616,"1972",CA,CDF,AEU,SLUG GULCH,"00000000",1972/08/06 00:00:00.000,,"14",,,655.322509765625000,,"1","00000267",7863.475946905107776,2651996.100762634538114,2651996.111
29753,"1957",CA,CDF,AEU,SNOWLINE,"00000000",1957/09/08 00:00:00.000,,"14",,,1021.063659667968750,,"1","00000118",10435.623384148679179,4132097.960485898423940,4132097.986
29836,"1957",CA,CDF,AEU,CHURCH MINE,"00000000",1957/08/17 00:00:00.000,,"14",,,219.495895385742188,,"1","00000087",3622.996155437869220,888268.353228641790338,888268.352
29920,"1917",CA,USF,ENF,,"00000000",,,"14",,,698.911865234375000,,"1","00000000",7277.227696623859629,2828395.986291833221912,2828395.842
29921,"1919",CA,USF,ENF,,"00000000",,,"14",,,505.374114990234375,,"1","00000000",5879.861838253041242,2045176.445791727630422,2045176.525
29922,"1917",CA,USF,ENF,,"00000000",,,"14",,,10058.083984374998181,,"1","00000000",51653.656114869729208,40703622.636164709925652,12164776.310
29964,"1974",CA,CDF,AEU,DEVORE STATION,"00000000",1974/07/07 00:00:00.000,,"14",,,743.440795898437500,,"1","00000161",9969.342655888256559,3008598.266338299494237,3008598.244
30218,"1951",CA,CDF,AEU,JAMESON,"00000000",1951/09/14 00:00:00.000,,"14",,,535.906738281250000,,"1","00000131",6757.266492947950610,2168737.540831513237208,2168737.639
30484,"1972",CA,USF,ENF,,"00000000",1972/09/25 00:00:00.000,1972/09/25 00:00:00.000,"5",,90.000000000000000,248.943435668945312,"8","1","00000157",5654.345439232878562,1007438.318171527702361,820666.505
30763,"1954",CA,CDF,AEU,BIDSTRUP ESCAPE,"00000000",1954/09/19 00:00:00.000,,"14",,,140.881454467773438,,"1","00000158",3276.514530661350818,570127.040609049494378,140789.156
30935,"1981",CA,USF,ENF,,"00000000",,,"9",,,17.446229934692383,,"1",000066A2,957.920347287800610,70602.389418334176298,70602.389
32024,"1968",CA,CDF,AEU,FAIR PLAY,"00000000",1968/07/20 00:00:00.000,,"14",,,916.059936523437386,,"1","00000087",9136.607572667866407,3707162.987618702463806,3707162.572
32501,"1992",CA,BLM,BBD,PERRY,"00000000",1992/09/13 00:00:00.000,1992/09/13 00:00:00.000,"2",,40.000000000000000,53.594066619873047,"8","1","0000D141",1744.876988657033280,216887.487767438258743,216887.488
32609,"1969",CA,USF,ENF,PEBBLE CANYON,"00000000",1969/08/16 00:00:00.000,,"9",,,242.807159423828125,,"1",000065C3,4201.867216716043004,982605.707676156656817,982605.731
33030,"2002",CA,CDF,AEU,49ER,"00014198",2002/09/09 00:00:00.000,2002/09/09 00:00:00.000,"7",,35.000000000000000,33.556842803955078,"8","1","00000428",1674.380459445171027,135799.723550032853382,135799.724
33034,"2002",CA,CDF,AEU,CARSON,"00018841",2002/11/26 00:00:00.000,2002/11/26 00:00:00.000,"18",,35.000000000000000,38.013458251953125,"8","1","00000588",2403.383839168894610,153835.006564164214069,153835.007
33035,"2002",CA,CDF,AEU,D'AGOSTINI,"00013829",2002/09/03 00:00:00.000,2002/09/03 00:00:00.000,"11",,15.000000000000000,16.844417572021484,"8","1","00000412",1023.693001877968300,68166.940624948038021,68166.941
33118,"1993",CA,BLM,BBD,UNION,"00000000",1993/09/04 00:00:00.000,1993/09/04 00:00:00.000,"7",,60.000000000000000,70.179840087890625,"8","1",0000U980,2418.516052635519827,284007.728980566898827,284007.729
33247,"1992",CA,CDF,AEU,FARNHAM,"00002965",1992/08/20 00:00:00.000,,"2",,,801.242675781250000,,"1","00000560",8332.899951323855930,3242513.990459388121963,3242513.990
34348,"1999",CA,USF,ENF,BIG MT RX ESCAPE,"00000000",1999/11/29 00:00:00.000,1999/11/30 00:00:00.000,"5",,20.000000000000000,36.796630859375000,"8","1","00000132",3212.947864967726673,148910.688918008876499,148910.685
34426,"2002",CA,USF,ENF,BALTIC,"00000000",2002/11/25 00:00:00.000,2002/11/25 00:00:00.000,"5",,19.000000000000000,18.769025802612305,"6","1","00000096",1076.762046054519715,75955.552787891472690,75955.554
34578,"1972",CA,USF,ENF,,"00000000",1972/08/07 00:00:00.000,1972/08/08 00:00:00.000,"7",,190.000000000000000,209.026168823242188,"8","1","00000046",4791.964206569708949,845898.910560393356718,845898.911
36507,"2002",CA,USF,ENF,COWBOY,"00000000",2002/04/06 00:00:00.000,2002/04/08 00:00:00.000,"7",,9.000000000000000,13.809899330139160,"2","1","00000002",1685.522040836408905,55886.680952359005460,55886.681
36600,"1989",CA,BLM,BBD,SHINGLE,"00000000",1989/08/12 00:00:00.000,1989/08/12 00:00:00.000,"2",,80.000000000000000,30.202411651611328,"8","1","0000D128",1510.159755312916786,122224.825879177384195,122224.826
36881,"1973",CA,USF,ENF,PARK CREEK,"00000000",1973/08/17 00:00:00.000,1973/08/19 00:00:00.000,"7",,742.000000000000000,714.661499023437386,"8","1","00000071",8437.940953535287917,2892132.528456858824939,1745848.379
36882,"1973",CA,USF,ENF,PILLIKEN,"00000000",1973/08/17 00:00:00.000,1973/08/26 00:00:00.000,"7",,9990.000000000000000,10315.574218750000000,"8","1","00000072",48377.102652210509405,41745649.015919625759125,1464357.151
36955,"2004",CA,BLM,BBD,UNION,"00000000",2004/09/12 00:00:00.000,2004/09/12 00:00:00.000,"2",,35.000000000000000,34.927230834960938,"7","1",0000BE8U,1573.054078071711956,141345.484751790063456,141345.483
36957,"2004",CA,BLM,BBD,GOLD,"00000000",2004/07/11 00:00:00.000,2004/07/11 00:00:00.000,"2",,30.000000000000000,34.930053710937500,"7","1",0000A7NB,1466.878434868493059,141356.914394752413500,141356.912
37224,"1988",CA,USF,ENF,BEAR,"00000000",1988/12/14 00:00:00.000,1988/12/19 00:00:00.000,"5",,1010.000000000000000,582.428161621093750,"8","1","00000156",24711.118116647172428,2357003.239291005767882,2357003.165
38209,"2008",CA,CDF,AEU,SIERRA,"008924",2008/05/15 00:00:00.000,2008/05/15 00:00:00.000,"11",,66.000000000000000,53.719470977783203,"1","1",,2472.416081882494836,217394.983441563788801,217394.983
38235,"2008",CA,USF,ENF,CAPPS,"00000027",2008/06/21 00:00:00.000,2008/06/22 00:00:00.000,"1",,20.000000000000000,18.822587966918945,"1","1","00000027",1361.844704081456030,76172.309091128496220,76172.309
38814,"2011",CA,CDF,AEU,ONYX,"00028027",2011/09/09 00:00:00.000,2011/09/09 00:00:00.000,"1",,,14.786158561706541,"1","1",,1507.735861000590603,59837.461974779602315,59837.462
39189,"2012",CA,USF,ENF,HAZEL,"00018041",2012/08/05 00:00:00.000,2012/08/08 00:00:00.000,"4",FI: TOM OLDAG (LEAD),47.000000000000000,44.305786132812493,"1","1",,2284.827508958200269,179299.148712834867183,179299.149
39483,"2013",CA,USF,ENF,BALTIC,"00000027",2013/08/03 00:00:00.000,2013/08/05 00:00:00.000,"14",,15.000000000000000,14.928822517395020,"1","1",,1268.693417548764273,60414.802338876514114,60414.802
39484,"2013",CA,USF,ENF,HENRY,"00000063",2013/12/18 00:00:00.000,2013/12/18 00:00:00.000,"14",,20.000000000000000,19.825445175170898,"1","1",,2095.047389241794917,80230.732585682824720,80230.733
39695,"2014",CA,CDF,AEU,SAND,"018237",2014/07/26 00:00:00.000,2014/07/30 00:00:00.000,"10",,4240.000000000000000,4239.271972656250000,"1","1",,29457.419841780101706,17155724.839636594057083,17155724.830
40690,"2008",CA,USF,ENF,NORTH,"000076",2008/11/12 00:00:00.000,2008/11/16 00:00:00.000,"5",,41.000000000000000,43.500240325927734,"8","1","000076",2204.306221373921289,176039.224503928911872,176039.225
41309,"2016",CA,CDF,AEU,BELL,,,,"14",,,45.819713592529297,"1","1",,2289.111869009253496,185425.795505158544984,185425.796
41895,"2017",CA,USF,ENF,HORSE,"00024772",2017/08/24 00:00:00.000,2017/08/24 00:00:00.000,"1",,0.100000000000000,0.156078785657883,"1","1",,138.115164438294073,631.628442816194934,631.628
41981,"2017",CA,CDF,AEU,LATROBE,"00021652",2017/07/26 00:00:00.000,2017/07/26 00:00:00.000,"5",,1268.000000000000000,1268.109863281250000,"1","1",,14516.742312543157823,5131858.617409748956561,1392719.998
41982,"2017",CA,CDF,AEU,RANCH,"00021638",2017/07/26 00:00:00.000,2017/07/31 00:00:00.000,"2",,138.000000000000000,138.548706054687500,"1","1",,4696.606291021841571,560686.731573120458052,560686.731
41983,"2017",CA,CDF,AEU,FRENCH,"00027595",2017/09/17 00:00:00.000,2017/09/18 00:00:00.000,"14",,136.000000000000000,130.771850585937500,"1","1",,4105.256199834095241,529214.890855708508752,529214.891
42043,"2018",CA,CDF,AEU,SHINGLE,"00018477",2018/07/04 00:00:00.000,2018/07/04 00:00:00.000,"7",,316.000000000000000,315.994537353515625,"1","1",,7015.422222708500158,1278784.518437051912770,411223.597
42046,"2018",CA,CDF,AEU,BUMPER,"00021760",2018/08/01 00:00:00.000,2018/08/03 00:00:00.000,"14",,66.700000000000003,66.736541748046875,"1","1",,2713.716694843609730,270073.211198953271378,270073.211
42508,"2019",CA,CDF,AEU,CHAPARRAL,"00029708",2019/09/29 00:00:00.000,2019/09/29 00:00:00.000,"9",,,21.851106643676754,"1","1",,1867.545299738864287,88428.293696572422050,88428.294
42509,"2019",CA,CDF,AEU,COULTER,"00028812",2019/09/21 00:00:00.000,2019/09/21 00:00:00.000,"9",,,17.788284301757812,"1","1",,1322.528515549726535,71986.635141099090106,71986.635
42513,"2019",CA,CDF,AEU,PATTERSON,"00024851",2019/08/15 00:00:00.000,2019/08/15 00:00:00.000,"14",,,34.914863586425781,"1","1",,1822.948442347110586,141295.432455856498564,141295.432
42514,"2019",CA,CDF,AEU,VINTAGE,"00021136",2019/07/14 00:00:00.000,2019/07/14 00:00:00.000,"2",,,2.438374996185303,"1","1",,435.702958653615497,9867.753372770879650,9867.753
42853,"2021",CA,CDF,AEU,BELL,"00013708",2021/05/20 06:59:59.000,2021/05/20 06:59:59.000,"2",,18.370000000000001,18.612054824829102,"1","1",,1273.011437580336860,75320.314129661463085,75320.317
42856,"2021",CA,CDF,AEU,STEINS,"00018047",2021/06/26 06:59:59.000,2021/06/26 06:59:59.000,"9",,14.060000000000000,13.732354164123535,"1","1",,2452.610471604107715,55572.866500831871235,55572.868
42857,"2021",CA,CDF,AEU,LAWRENCE,"00026385",2021/09/05 06:59:59.000,2021/09/05 06:59:59.000,"14",,46.240000000000002,45.942855834960938,"1","1",,1996.300030008531166,185924.135620645276504,185924.140
42858,"2021",CA,CDF,AEU,SETTLERS,"00013605",2021/05/19 06:59:59.000,2021/05/19 06:59:59.000,"2",,45.149999999999999,45.351230621337891,"1","1",,2639.198082662746401,183529.913887834612979,183529.918
43060,"2021",CA,USF,ENF,COLD,"00001910",2021/01/19 20:43:18.000,2021/01/20 00:00:00.000,"5",DC4B63D0-3B36-4DFA-8BAF-C0580B2DFB14,29.500000000000000,34.513431549072266,"1","1",,2315.800797779234017,139670.906301879440434,139670.914
43102,"2021",CA,USF,ENF,CALDOR,"00024030",2021/08/15 01:54:24.000,2021/11/18 01:01:00.000,"14",E6C053C8-A346-43FB-9C29-632BC7536717,221835.000000000000000,221786.390625000000000,"7","1",,368685.191297810932156,897537666.743525862693787,404351141.500
