,year,water year,month,water month,value
141,1907,1908,10,1,1.6699999999999997
142,1907,1908,11,2,-0.9333333333333332
143,1907,1908,12,3,-0.5133333333333333
144,1908,1908,1,4,-0.7800000000000001
145,1908,1908,2,5,-0.6999999999999998
146,1908,1908,3,6,-1.3233333333333333
147,1908,1908,4,7,-1.843333333333333
148,1908,1908,5,8,0.7066666666666667
149,1908,1908,6,9,0.7366666666666667
150,1908,1908,7,10,1.0899999999999999
151,1908,1908,8,11,0.4000000000000001
152,1908,1908,9,12,0.5433333333333333
153,1908,1909,10,1,0.3666666666666667
154,1908,1909,11,2,-0.45999999999999996
155,1908,1909,12,3,-1.0266666666666666
156,1909,1909,1,4,2.9933333333333336
157,1909,1909,2,5,3.5533333333333332
158,1909,1909,3,6,0.8333333333333334
159,1909,1909,4,7,-0.82
160,1909,1909,5,8,-1.17
161,1909,1909,6,9,-1.406666666666667
162,1909,1909,7,10,-1.6366666666666667
163,1909,1909,8,11,-1.6366666666666667
164,1909,1909,9,12,-0.93
165,1909,1910,10,1,0.30666666666666664
166,1909,1910,11,2,0.89
167,1909,1910,12,3,1.53
168,1910,1910,1,4,1.4266666666666667
169,1910,1910,2,5,-0.3933333333333333
170,1910,1910,3,6,-0.7633333333333333
171,1910,1910,4,7,-1.39
172,1910,1910,5,8,-1.9466666666666665
173,1910,1910,6,9,-2.476666666666667
174,1910,1910,7,10,-2.7099999999999995
175,1910,1910,8,11,-2.8333333333333335
176,1910,1910,9,12,-2.1466666666666665
177,1910,1911,10,1,-2.1599999999999997
178,1910,1911,11,2,-2.27
179,1910,1911,12,3,-2.5033333333333334
180,1911,1911,1,4,2.736666666666667
181,1911,1911,2,5,2.39
182,1911,1911,3,6,3.1566666666666663
183,1911,1911,4,7,2.98
184,1911,1911,5,8,1.5266666666666666
185,1911,1911,6,9,1.4733333333333334
186,1911,1911,7,10,1.53
187,1911,1911,8,11,-0.17666666666666667
188,1911,1911,9,12,-0.23333333333333336
189,1911,1912,10,1,-0.6166666666666667
190,1911,1912,11,2,-1.1366666666666667
191,1911,1912,12,3,-1.6266666666666667
192,1912,1912,1,4,-2.1133333333333333
193,1912,1912,2,5,-3.0666666666666664
194,1912,1912,3,6,-0.9
195,1912,1912,4,7,0.6566666666666666
196,1912,1912,5,8,1.0933333333333335
197,1912,1912,6,9,1.4000000000000001
198,1912,1912,7,10,1.7466666666666668
199,1912,1912,8,11,1.7866666666666668
200,1912,1912,9,12,2.3299999999999996
201,1912,1913,10,1,0.4633333333333334
202,1912,1913,11,2,-0.33666666666666667
203,1912,1913,12,3,-1.0599999999999998
204,1913,1913,1,4,-0.9966666666666667
205,1913,1913,2,5,-1.61
206,1913,1913,3,6,-1.8633333333333333
207,1913,1913,4,7,-1.32
208,1913,1913,5,8,0.14
209,1913,1913,6,9,0.7166666666666667
210,1913,1913,7,10,1.6233333333333333
211,1913,1913,8,11,2.3033333333333332
212,1913,1913,9,12,0.9033333333333333
213,1913,1914,10,1,0.13999999999999999
214,1913,1914,11,2,1.0933333333333333
215,1913,1914,12,3,1.7266666666666666
216,1914,1914,1,4,4.036666666666666
217,1914,1914,2,5,2.893333333333334
218,1914,1914,3,6,-1.0933333333333335
219,1914,1914,4,7,-0.9166666666666666
220,1914,1914,5,8,-1.0133333333333334
221,1914,1914,6,9,-0.7366666666666667
222,1914,1914,7,10,-0.6366666666666667
223,1914,1914,8,11,-0.7133333333333334
224,1914,1914,9,12,-0.8633333333333333
225,1914,1915,10,1,-0.7566666666666667
226,1914,1915,11,2,-1.5433333333333332
227,1914,1915,12,3,-0.7199999999999999
228,1915,1915,1,4,-0.4766666666666666
229,1915,1915,2,5,1.4566666666666668
230,1915,1915,3,6,0.7233333333333333
231,1915,1915,4,7,0.6166666666666667
232,1915,1915,5,8,2.27
233,1915,1915,6,9,1.7766666666666666
234,1915,1915,7,10,2.2266666666666666
235,1915,1915,8,11,2.1366666666666667
236,1915,1915,9,12,0.8333333333333334
237,1915,1916,10,1,0.06333333333333331
238,1915,1916,11,2,-0.41333333333333333
239,1915,1916,12,3,0.11333333333333329
240,1916,1916,1,4,2.9133333333333327
241,1916,1916,2,5,0.9133333333333334
242,1916,1916,3,6,0.59
243,1916,1916,4,7,-0.08333333333333333
244,1916,1916,5,8,-0.11999999999999995
245,1916,1916,6,9,-0.35333333333333333
246,1916,1916,7,10,-0.3833333333333333
247,1916,1916,8,11,-0.21000000000000005
248,1916,1916,9,12,-0.18000000000000002
249,1916,1917,10,1,0.4333333333333334
250,1916,1917,11,2,0.05333333333333338
251,1916,1917,12,3,0.24333333333333332
252,1917,1917,1,4,-0.36666666666666664
253,1917,1917,2,5,0.7266666666666667
254,1917,1917,3,6,-0.36000000000000004
255,1917,1917,4,7,-0.37666666666666665
256,1917,1917,5,8,-0.0666666666666667
257,1917,1917,6,9,-0.3266666666666667
258,1917,1917,7,10,-0.2866666666666667
259,1917,1917,8,11,-0.47000000000000003
260,1917,1917,9,12,-0.7266666666666667
261,1917,1918,10,1,-1.4766666666666666
262,1917,1918,11,2,-1.9000000000000001
263,1917,1918,12,3,-2.6133333333333333
264,1918,1918,1,4,-3.5999999999999996
265,1918,1918,2,5,-2.8633333333333333
266,1918,1918,3,6,-1.57
267,1918,1918,4,7,-1.9400000000000002
268,1918,1918,5,8,-1.99
269,1918,1918,6,9,-2.1999999999999997
270,1918,1918,7,10,-2.5833333333333335
271,1918,1918,8,11,-2.5700000000000003
272,1918,1918,9,12,-0.12666666666666662
273,1918,1919,10,1,-0.6333333333333333
274,1918,1919,11,2,-0.7000000000000001
275,1918,1919,12,3,-1.23
276,1919,1919,1,4,-1.9699999999999998
277,1919,1919,2,5,-0.48333333333333334
278,1919,1919,3,6,-0.7733333333333334
279,1919,1919,4,7,-1.1866666666666665
280,1919,1919,5,8,-1.5733333333333335
281,1919,1919,6,9,-2.0466666666666664
282,1919,1919,7,10,-2.4133333333333336
283,1919,1919,8,11,-2.5933333333333337
284,1919,1919,9,12,-1.8866666666666667
285,1919,1920,10,1,-1.9800000000000002
286,1919,1920,11,2,-2.5
287,1919,1920,12,3,-2.3366666666666664
288,1920,1920,1,4,-3.276666666666667
289,1920,1920,2,5,-3.6199999999999997
290,1920,1920,3,6,0.6466666666666666
291,1920,1920,4,7,0.9033333333333333
292,1920,1920,5,8,0.11666666666666665
293,1920,1920,6,9,0.17666666666666667
294,1920,1920,7,10,0.11000000000000003
295,1920,1920,8,11,0.8166666666666668
296,1920,1920,9,12,0.64
297,1920,1921,10,1,1.28
298,1920,1921,11,2,1.7133333333333332
299,1920,1921,12,3,1.8033333333333335
300,1921,1921,1,4,2.2933333333333334
301,1921,1921,2,5,-0.47666666666666657
302,1921,1921,3,6,-0.8466666666666667
303,1921,1921,4,7,-1.3233333333333335
304,1921,1921,5,8,0.2466666666666667
305,1921,1921,6,9,0.47333333333333333
306,1921,1921,7,10,0.21
307,1921,1921,8,11,-0.41
308,1921,1921,9,12,-0.6066666666666667
309,1921,1922,10,1,-1.01
310,1921,1922,11,2,-1.5366666666666668
311,1921,1922,12,3,-0.2966666666666666
312,1922,1922,1,4,-0.5533333333333333
313,1922,1922,2,5,1.5066666666666666
314,1922,1922,3,6,0.6933333333333334
315,1922,1922,4,7,0.24333333333333332
316,1922,1922,5,8,0.37666666666666665
317,1922,1922,6,9,0.4633333333333334
318,1922,1922,7,10,0.42
319,1922,1922,8,11,0.3266666666666667
320,1922,1922,9,12,-0.16
321,1922,1923,10,1,0.07000000000000002
322,1922,1923,11,2,0.20666666666666664
323,1922,1923,12,3,1.19
324,1923,1923,1,4,0.64
325,1923,1923,2,5,-0.8666666666666666
326,1923,1923,3,6,-1.82
327,1923,1923,4,7,0.8166666666666668
328,1923,1923,5,8,0.6566666666666667
329,1923,1923,6,9,1.1566666666666665
330,1923,1923,7,10,1.5966666666666667
331,1923,1923,8,11,1.72
332,1923,1923,9,12,2.4666666666666663
333,1923,1924,10,1,0.7033333333333333
334,1923,1924,11,2,-0.8966666666666666
335,1923,1924,12,3,-1.5
336,1924,1924,1,4,-2.276666666666667
337,1924,1924,2,5,-3.02
338,1924,1924,3,6,-3.2466666666666666
339,1924,1924,4,7,-3.52
340,1924,1924,5,8,-4.32
341,1924,1924,6,9,-5.0633333333333335
342,1924,1924,7,10,-5.5
343,1924,1924,8,11,-5.3500000000000005
344,1924,1924,9,12,-5.156666666666666
345,1924,1925,10,1,1.0466666666666666
346,1924,1925,11,2,0.0433333333333333
347,1924,1925,12,3,-0.003333333333333336
348,1925,1925,1,4,-1.0466666666666666
349,1925,1925,2,5,0.6266666666666666
350,1925,1925,3,6,0.27999999999999997
351,1925,1925,4,7,0.5633333333333334
352,1925,1925,5,8,0.8799999999999999
353,1925,1925,6,9,1.2433333333333334
354,1925,1925,7,10,1.5999999999999999
355,1925,1925,8,11,1.8166666666666667
356,1925,1925,9,12,1.4966666666666664
357,1925,1926,10,1,0.5933333333333333
358,1925,1926,11,2,-0.46
359,1925,1926,12,3,-1.0999999999999999
360,1926,1926,1,4,-1.4133333333333333
361,1926,1926,2,5,-1.0133333333333334
362,1926,1926,3,6,-2.0966666666666667
363,1926,1926,4,7,-1.21
364,1926,1926,5,8,-1.22
365,1926,1926,6,9,-1.366666666666667
366,1926,1926,7,10,-1.7700000000000002
367,1926,1926,8,11,-1.9466666666666665
368,1926,1926,9,12,-2.12
369,1926,1927,10,1,-1.5666666666666667
370,1926,1927,11,2,1.5200000000000002
371,1926,1927,12,3,0.43
372,1927,1927,1,4,0.16333333333333336
373,1927,1927,2,5,1.3966666666666667
374,1927,1927,3,6,1.0133333333333334
375,1927,1927,4,7,1.1733333333333336
376,1927,1927,5,8,0.58
377,1927,1927,6,9,0.7133333333333333
378,1927,1927,7,10,0.35333333333333333
379,1927,1927,8,11,0.13333333333333333
380,1927,1927,9,12,-0.05666666666666664
381,1927,1928,10,1,0.5633333333333334
382,1927,1928,11,2,0.9466666666666667
383,1927,1928,12,3,-0.4533333333333333
384,1928,1928,1,4,-1.18
385,1928,1928,2,5,-1.6499999999999997
386,1928,1928,3,6,0.24333333333333332
387,1928,1928,4,7,-0.14666666666666664
388,1928,1928,5,8,-0.82
389,1928,1928,6,9,-1.116666666666667
390,1928,1928,7,10,-1.4533333333333334
391,1928,1928,8,11,-1.6533333333333333
392,1928,1928,9,12,-1.8666666666666665
393,1928,1929,10,1,-2.203333333333333
394,1928,1929,11,2,-2.0366666666666666
395,1928,1929,12,3,-2.0733333333333333
396,1929,1929,1,4,-2.6599999999999997
397,1929,1929,2,5,-2.8766666666666665
398,1929,1929,3,6,-2.893333333333333
399,1929,1929,4,7,-2.3366666666666664
400,1929,1929,5,8,-2.6
401,1929,1929,6,9,-1.6033333333333335
402,1929,1929,7,10,-1.25
403,1929,1929,8,11,-1.25
404,1929,1929,9,12,-1.4466666666666665
405,1929,1930,10,1,-1.9866666666666666
406,1929,1930,11,2,-2.7866666666666666
407,1929,1930,12,3,-0.41999999999999993
408,1930,1930,1,4,-0.2199999999999999
409,1930,1930,2,5,-0.38666666666666655
410,1930,1930,3,6,-0.58
411,1930,1930,4,7,-0.5633333333333334
412,1930,1930,5,8,0.75
413,1930,1930,6,9,0.7000000000000001
414,1930,1930,7,10,0.5766666666666667
415,1930,1930,8,11,0.39333333333333337
416,1930,1930,9,12,0.8466666666666667
417,1930,1931,10,1,-0.40666666666666673
418,1930,1931,11,2,-0.57
419,1930,1931,12,3,-1.5133333333333334
420,1931,1931,1,4,-1.83
421,1931,1931,2,5,-2.353333333333333
422,1931,1931,3,6,-2.89
423,1931,1931,4,7,-3.0
424,1931,1931,5,8,-2.933333333333333
425,1931,1931,6,9,-2.7133333333333334
426,1931,1931,7,10,-2.8366666666666664
427,1931,1931,8,11,-2.8699999999999997
428,1931,1931,9,12,-2.8166666666666664
429,1931,1932,10,1,-2.5500000000000003
430,1931,1932,11,2,-1.3033333333333332
431,1931,1932,12,3,0.17
432,1932,1932,1,4,0.06333333333333331
433,1932,1932,2,5,0.020000000000000018
434,1932,1932,3,6,-1.4566666666666668
435,1932,1932,4,7,-1.3266666666666669
436,1932,1932,5,8,-0.9500000000000001
437,1932,1932,6,9,-0.8333333333333334
438,1932,1932,7,10,-0.8666666666666667
439,1932,1932,8,11,-0.9133333333333334
440,1932,1932,9,12,-1.1533333333333333
441,1932,1933,10,1,-1.6533333333333333
442,1932,1933,11,2,-2.316666666666667
443,1932,1933,12,3,-2.47
444,1933,1933,1,4,-1.8466666666666665
445,1933,1933,2,5,-2.45
446,1933,1933,3,6,-2.43
447,1933,1933,4,7,-2.6799999999999997
448,1933,1933,5,8,-1.1766666666666665
449,1933,1933,6,9,-0.96
450,1933,1933,7,10,-0.6900000000000001
451,1933,1933,8,11,-1.3266666666666669
452,1933,1933,9,12,-1.5000000000000002
453,1933,1934,10,1,-1.2566666666666666
454,1933,1934,11,2,-2.1133333333333333
455,1933,1934,12,3,-1.4266666666666667
456,1934,1934,1,4,-2.05
457,1934,1934,2,5,-2.0966666666666667
458,1934,1934,3,6,-2.9866666666666664
459,1934,1934,4,7,-3.5333333333333337
460,1934,1934,5,8,-3.513333333333333
461,1934,1934,6,9,-1.06
462,1934,1934,7,10,-1.47
463,1934,1934,8,11,-1.5333333333333332
464,1934,1934,9,12,-1.4466666666666665
465,1934,1935,10,1,0.026666666666666672
466,1934,1935,11,2,0.34
467,1934,1935,12,3,-0.20333333333333328
468,1935,1935,1,4,0.18999999999999997
469,1935,1935,2,5,-0.15333333333333332
470,1935,1935,3,6,0.5033333333333333
471,1935,1935,4,7,2.2100000000000004
472,1935,1935,5,8,-0.26
473,1935,1935,6,9,-0.5466666666666667
474,1935,1935,7,10,-0.8266666666666668
475,1935,1935,8,11,-0.8133333333333335
476,1935,1935,9,12,-1.1533333333333335
477,1935,1936,10,1,-0.96
478,1935,1936,11,2,-1.3
479,1935,1936,12,3,-1.5066666666666666
480,1936,1936,1,4,-0.01666666666666668
481,1936,1936,2,5,2.1866666666666665
482,1936,1936,3,6,-0.5966666666666667
483,1936,1936,4,7,-0.8333333333333334
484,1936,1936,5,8,-0.9633333333333334
485,1936,1936,6,9,-0.19666666666666668
486,1936,1936,7,10,-0.02
487,1936,1936,8,11,-0.33666666666666667
488,1936,1936,9,12,-0.4666666666666666
489,1936,1937,10,1,-0.40666666666666673
490,1936,1937,11,2,-1.5066666666666668
491,1936,1937,12,3,-0.27333333333333326
492,1937,1937,1,4,-0.26
493,1937,1937,2,5,1.38
494,1937,1937,3,6,1.3099999999999998
495,1937,1937,4,7,-0.10333333333333333
496,1937,1937,5,8,-0.6366666666666667
497,1937,1937,6,9,-0.59
498,1937,1937,7,10,-0.6133333333333334
499,1937,1937,8,11,-0.88
500,1937,1937,9,12,-1.2466666666666668
501,1937,1938,10,1,-1.0666666666666667
502,1937,1938,11,2,-0.09000000000000001
503,1937,1938,12,3,1.2266666666666668
504,1938,1938,1,4,0.9833333333333333
505,1938,1938,2,5,2.516666666666667
506,1938,1938,3,6,4.28
507,1938,1938,4,7,2.9033333333333338
508,1938,1938,5,8,2.4299999999999997
509,1938,1938,6,9,2.31
510,1938,1938,7,10,2.143333333333333
511,1938,1938,8,11,0.57
512,1938,1938,9,12,0.44333333333333336
513,1938,1939,10,1,0.7666666666666666
514,1938,1939,11,2,-0.71
515,1938,1939,12,3,-1.4166666666666667
516,1939,1939,1,4,-1.8066666666666666
517,1939,1939,2,5,-2.2033333333333336
518,1939,1939,3,6,-2.1766666666666663
519,1939,1939,4,7,-2.703333333333333
520,1939,1939,5,8,-2.4466666666666668
521,1939,1939,6,9,-2.59
522,1939,1939,7,10,-2.64
523,1939,1939,8,11,-2.643333333333333
524,1939,1939,9,12,-1.4833333333333334
525,1939,1940,10,1,-1.21
526,1939,1940,11,2,-2.31
527,1939,1940,12,3,-1.7599999999999998
528,1940,1940,1,4,1.3233333333333333
529,1940,1940,2,5,2.5533333333333332
530,1940,1940,3,6,1.95
531,1940,1940,4,7,-0.28
532,1940,1940,5,8,-0.57
533,1940,1940,6,9,-1.0333333333333334
534,1940,1940,7,10,-1.5766666666666664
535,1940,1940,8,11,-1.8199999999999996
536,1940,1940,9,12,-0.4566666666666667
537,1940,1941,10,1,-0.15333333333333332
538,1940,1941,11,2,-0.6366666666666667
539,1940,1941,12,3,1.3033333333333335
540,1941,1941,1,4,1.58
541,1941,1941,2,5,2.236666666666667
542,1941,1941,3,6,1.8966666666666665
543,1941,1941,4,7,2.5466666666666664
544,1941,1941,5,8,2.53
545,1941,1941,6,9,2.5833333333333335
546,1941,1941,7,10,2.776666666666667
547,1941,1941,8,11,2.783333333333333
548,1941,1941,9,12,2.31
549,1941,1942,10,1,2.2433333333333336
550,1941,1942,11,2,1.6566666666666665
551,1941,1942,12,3,2.8200000000000003
552,1942,1942,1,4,2.823333333333333
553,1942,1942,2,5,2.7099999999999995
554,1942,1942,3,6,1.9633333333333336
555,1942,1942,4,7,2.776666666666667
556,1942,1942,5,8,3.4499999999999997
557,1942,1942,6,9,3.3000000000000003
558,1942,1942,7,10,3.2699999999999996
559,1942,1942,8,11,2.86
560,1942,1942,9,12,2.2166666666666663
561,1942,1943,10,1,1.4033333333333333
562,1942,1943,11,2,1.7066666666666668
563,1942,1943,12,3,1.46
564,1943,1943,1,4,2.686666666666667
565,1943,1943,2,5,1.26
566,1943,1943,3,6,1.89
567,1943,1943,4,7,1.7233333333333334
568,1943,1943,5,8,1.1333333333333333
569,1943,1943,6,9,1.51
570,1943,1943,7,10,1.6833333333333333
571,1943,1943,8,11,-0.07
572,1943,1943,9,12,-0.4633333333333333
573,1943,1944,10,1,-0.5866666666666666
574,1943,1944,11,2,-1.18
575,1943,1944,12,3,-1.5599999999999998
576,1944,1944,1,4,-1.8133333333333335
577,1944,1944,2,5,-0.17666666666666664
578,1944,1944,3,6,-0.5266666666666666
579,1944,1944,4,7,0.31
580,1944,1944,5,8,0.19333333333333333
581,1944,1944,6,9,0.6466666666666666
582,1944,1944,7,10,1.0333333333333334
583,1944,1944,8,11,1.0133333333333334
584,1944,1944,9,12,0.31666666666666665
585,1944,1945,10,1,0.17333333333333334
586,1944,1945,11,2,1.1266666666666667
587,1944,1945,12,3,-0.33666666666666667
588,1945,1945,1,4,-1.1733333333333333
589,1945,1945,2,5,0.3233333333333333
590,1945,1945,3,6,0.6666666666666666
591,1945,1945,4,7,0.09333333333333334
592,1945,1945,5,8,0.9700000000000001
593,1945,1945,6,9,1.2766666666666666
594,1945,1945,7,10,1.5366666666666664
595,1945,1945,8,11,1.3866666666666667
596,1945,1945,9,12,0.96
597,1945,1946,10,1,2.026666666666667
598,1945,1946,11,2,1.99
599,1945,1946,12,3,2.5533333333333332
600,1946,1946,1,4,-0.71
601,1946,1946,2,5,-1.0266666666666666
602,1946,1946,3,6,-0.8666666666666667
603,1946,1946,4,7,-1.5066666666666666
604,1946,1946,5,8,-1.623333333333333
605,1946,1946,6,9,-1.9600000000000002
606,1946,1946,7,10,-1.84
607,1946,1946,8,11,-1.8833333333333335
608,1946,1946,9,12,-1.9133333333333333
609,1946,1947,10,1,-1.29
610,1946,1947,11,2,-0.37000000000000005
611,1946,1947,12,3,-0.5033333333333333
612,1947,1947,1,4,-1.7433333333333332
613,1947,1947,2,5,-2.04
614,1947,1947,3,6,-1.9666666666666668
615,1947,1947,4,7,-2.236666666666667
616,1947,1947,5,8,-2.3666666666666667
617,1947,1947,6,9,-1.28
618,1947,1947,7,10,-1.3866666666666667
619,1947,1947,8,11,-1.28
620,1947,1947,9,12,-1.4733333333333334
621,1947,1948,10,1,-0.52
622,1947,1948,11,2,-1.4533333333333334
623,1947,1948,12,3,-2.2066666666666666
624,1948,1948,1,4,-2.9033333333333338
625,1948,1948,2,5,-3.366666666666667
626,1948,1948,3,6,-0.9233333333333333
627,1948,1948,4,7,1.7299999999999998
628,1948,1948,5,8,2.2033333333333336
629,1948,1948,6,9,2.7099999999999995
630,1948,1948,7,10,3.063333333333333
631,1948,1948,8,11,2.983333333333333
632,1948,1948,9,12,1.1133333333333335
633,1948,1949,10,1,-0.39333333333333337
634,1948,1949,11,2,-0.8966666666666666
635,1948,1949,12,3,-0.8033333333333333
636,1949,1949,1,4,-1.4100000000000001
637,1949,1949,2,5,-1.55
638,1949,1949,3,6,-0.7533333333333333
639,1949,1949,4,7,-1.5
640,1949,1949,5,8,-0.9199999999999999
641,1949,1949,6,9,-1.1566666666666665
642,1949,1949,7,10,-1.366666666666667
643,1949,1949,8,11,-1.2699999999999998
644,1949,1949,9,12,-1.4933333333333334
645,1949,1950,10,1,-1.876666666666667
646,1949,1950,11,2,-2.1266666666666665
647,1949,1950,12,3,-2.526666666666667
648,1950,1950,1,4,-1.07
649,1950,1950,2,5,-1.2166666666666666
650,1950,1950,3,6,-0.33666666666666667
651,1950,1950,4,7,-0.47333333333333333
652,1950,1950,5,8,-0.5133333333333333
653,1950,1950,6,9,0.09333333333333334
654,1950,1950,7,10,0.13
655,1950,1950,8,11,-0.08666666666666667
656,1950,1950,9,12,0.14333333333333334
657,1950,1951,10,1,1.1066666666666667
658,1950,1951,11,2,2.09
659,1950,1951,12,3,2.2733333333333334
660,1951,1951,1,4,1.33
661,1951,1951,2,5,-0.27
662,1951,1951,3,6,-0.9166666666666666
663,1951,1951,4,7,-0.88
664,1951,1951,5,8,-0.6133333333333334
665,1951,1951,6,9,-0.57
666,1951,1951,7,10,-0.6666666666666666
667,1951,1951,8,11,-0.6766666666666667
668,1951,1951,9,12,-1.0233333333333334
669,1951,1952,10,1,0.4366666666666666
670,1951,1952,11,2,0.5466666666666666
671,1951,1952,12,3,1.5599999999999998
672,1952,1952,1,4,2.66
673,1952,1952,2,5,2.3233333333333337
674,1952,1952,3,6,2.9766666666666666
675,1952,1952,4,7,1.5566666666666666
676,1952,1952,5,8,0.16666666666666666
677,1952,1952,6,9,0.51
678,1952,1952,7,10,1.0733333333333335
679,1952,1952,8,11,0.15666666666666668
680,1952,1952,9,12,0.17
681,1952,1953,10,1,-0.8333333333333334
682,1952,1953,11,2,-0.6933333333333332
683,1952,1953,12,3,0.5566666666666666
684,1953,1953,1,4,0.36333333333333334
685,1953,1953,2,5,-1.0766666666666669
686,1953,1953,3,6,-1.29
687,1953,1953,4,7,0.36000000000000004
688,1953,1953,5,8,1.2266666666666668
689,1953,1953,6,9,1.7666666666666666
690,1953,1953,7,10,2.566666666666667
691,1953,1953,8,11,2.6133333333333333
692,1953,1953,9,12,-0.36333333333333334
693,1953,1954,10,1,-0.5733333333333334
694,1953,1954,11,2,-0.6633333333333333
695,1953,1954,12,3,-1.4400000000000002
696,1954,1954,1,4,-1.2733333333333334
697,1954,1954,2,5,-1.3233333333333333
698,1954,1954,3,6,-0.65
699,1954,1954,4,7,-0.7833333333333333
700,1954,1954,5,8,-1.2999999999999998
701,1954,1954,6,9,-1.1733333333333333
702,1954,1954,7,10,-1.2833333333333334
703,1954,1954,8,11,-1.24
704,1954,1954,9,12,-1.4133333333333333
705,1954,1955,10,1,-1.8800000000000001
706,1954,1955,11,2,-1.7366666666666666
707,1954,1955,12,3,-1.5433333333333332
708,1955,1955,1,4,-1.5833333333333333
709,1955,1955,2,5,-1.9166666666666667
710,1955,1955,3,6,-2.513333333333333
711,1955,1955,4,7,-1.2066666666666668
712,1955,1955,5,8,-1.08
713,1955,1955,6,9,-0.9833333333333334
714,1955,1955,7,10,-0.89
715,1955,1955,8,11,-0.86
716,1955,1955,9,12,-1.1966666666666665
717,1955,1956,10,1,-1.6633333333333333
718,1955,1956,11,2,-1.0433333333333332
719,1955,1956,12,3,2.8966666666666665
720,1956,1956,1,4,3.6566666666666663
721,1956,1956,2,5,3.1933333333333334
722,1956,1956,3,6,1.8500000000000003
723,1956,1956,4,7,1.7966666666666669
724,1956,1956,5,8,2.2433333333333336
725,1956,1956,6,9,2.23
726,1956,1956,7,10,2.36
727,1956,1956,8,11,2.0866666666666664
728,1956,1956,9,12,1.8766666666666667
729,1956,1957,10,1,2.453333333333333
730,1956,1957,11,2,-0.8866666666666667
731,1956,1957,12,3,-1.6666666666666667
732,1957,1957,1,4,-1.7533333333333332
733,1957,1957,2,5,-0.5533333333333332
734,1957,1957,3,6,-0.7300000000000001
735,1957,1957,4,7,0.10000000000000002
736,1957,1957,5,8,1.4666666666666668
737,1957,1957,6,9,1.2133333333333332
738,1957,1957,7,10,1.32
739,1957,1957,8,11,1.0833333333333335
740,1957,1957,9,12,1.5466666666666669
741,1957,1958,10,1,2.0066666666666664
742,1957,1958,11,2,1.53
743,1957,1958,12,3,1.3533333333333335
744,1958,1958,1,4,1.29
745,1958,1958,2,5,2.1733333333333333
746,1958,1958,3,6,3.18
747,1958,1958,4,7,3.8066666666666666
748,1958,1958,5,8,3.3733333333333335
749,1958,1958,6,9,3.7266666666666666
750,1958,1958,7,10,4.01
751,1958,1958,8,11,4.076666666666667
752,1958,1958,9,12,1.3933333333333335
753,1958,1959,10,1,-0.6733333333333333
754,1958,1959,11,2,-1.2566666666666668
755,1958,1959,12,3,-2.0
756,1959,1959,1,4,-2.013333333333333
757,1959,1959,2,5,-1.4633333333333336
758,1959,1959,3,6,-2.29
759,1959,1959,4,7,-2.7600000000000002
760,1959,1959,5,8,-2.6366666666666667
761,1959,1959,6,9,-2.926666666666667
762,1959,1959,7,10,-3.2866666666666666
763,1959,1959,8,11,-3.2833333333333337
764,1959,1959,9,12,-2.0466666666666664
765,1959,1960,10,1,-2.5766666666666667
766,1959,1960,11,2,-3.313333333333333
767,1959,1960,12,3,-3.75
768,1960,1960,1,4,-3.6733333333333333
769,1960,1960,2,5,-2.9433333333333334
770,1960,1960,3,6,-2.793333333333333
771,1960,1960,4,7,-2.6833333333333336
772,1960,1960,5,8,-2.4266666666666667
773,1960,1960,6,9,-2.3866666666666663
774,1960,1960,7,10,-2.5033333333333334
775,1960,1960,8,11,-2.6500000000000004
776,1960,1960,9,12,-2.75
777,1960,1961,10,1,-2.926666666666667
778,1960,1961,11,2,-1.9233333333333331
779,1960,1961,12,3,-2.27
780,1961,1961,1,4,-2.763333333333333
781,1961,1961,2,5,-3.013333333333333
782,1961,1961,3,6,-2.823333333333333
783,1961,1961,4,7,-2.8800000000000003
784,1961,1961,5,8,-2.3533333333333335
785,1961,1961,6,9,-2.0533333333333332
786,1961,1961,7,10,-2.0766666666666667
787,1961,1961,8,11,-1.6333333333333335
788,1961,1961,9,12,-1.5833333333333333
789,1961,1962,10,1,-1.8066666666666666
790,1961,1962,11,2,-1.64
791,1961,1962,12,3,-1.9466666666666665
792,1962,1962,1,4,-2.4366666666666665
793,1962,1962,2,5,1.64
794,1962,1962,3,6,1.01
795,1962,1962,4,7,-0.7333333333333334
796,1962,1962,5,8,-0.6033333333333334
797,1962,1962,6,9,-0.8233333333333333
798,1962,1962,7,10,-0.96
799,1962,1962,8,11,-0.9133333333333334
800,1962,1962,9,12,-1.0333333333333332
801,1962,1963,10,1,1.3266666666666669
802,1962,1963,11,2,-0.2733333333333333
803,1962,1963,12,3,-0.9066666666666667
804,1963,1963,1,4,-0.09999999999999999
805,1963,1963,2,5,-0.14333333333333334
806,1963,1963,3,6,0.5666666666666668
807,1963,1963,4,7,2.0733333333333333
808,1963,1963,5,8,2.3366666666666664
809,1963,1963,6,9,2.6933333333333334
810,1963,1963,7,10,2.896666666666667
811,1963,1963,8,11,2.983333333333333
812,1963,1963,9,12,3.1199999999999997
813,1963,1964,10,1,2.983333333333333
814,1963,1964,11,2,3.3866666666666667
815,1963,1964,12,3,0.2800000000000001
816,1964,1964,1,4,0.043333333333333446
817,1964,1964,2,5,-0.9366666666666665
818,1964,1964,3,6,-1.1866666666666665
819,1964,1964,4,7,-1.3866666666666667
820,1964,1964,5,8,0.68
821,1964,1964,6,9,1.1966666666666665
822,1964,1964,7,10,1.6300000000000001
823,1964,1964,8,11,1.6266666666666667
824,1964,1964,9,12,0.92
825,1964,1965,10,1,0.6166666666666666
826,1964,1965,11,2,1.1366666666666667
827,1964,1965,12,3,2.8200000000000003
828,1965,1965,1,4,2.853333333333333
829,1965,1965,2,5,1.1133333333333333
830,1965,1965,3,6,0.42
831,1965,1965,4,7,1.6266666666666667
832,1965,1965,5,8,1.1900000000000002
833,1965,1965,6,9,1.2433333333333334
834,1965,1965,7,10,1.4633333333333332
835,1965,1965,8,11,2.2266666666666666
836,1965,1965,9,12,1.5966666666666667
837,1965,1966,10,1,0.7600000000000001
838,1965,1966,11,2,1.89
839,1965,1966,12,3,1.75
840,1966,1966,1,4,-0.6633333333333333
841,1966,1966,2,5,-1.0666666666666667
842,1966,1966,3,6,-1.7966666666666669
843,1966,1966,4,7,-2.16
844,1966,1966,5,8,-2.52
845,1966,1966,6,9,-2.9299999999999997
846,1966,1966,7,10,-3.123333333333333
847,1966,1966,8,11,-3.026666666666667
848,1966,1966,9,12,-2.9466666666666668
849,1966,1967,10,1,-3.3633333333333333
850,1966,1967,11,2,0.7033333333333333
851,1966,1967,12,3,1.32
852,1967,1967,1,4,2.27
853,1967,1967,2,5,1.1233333333333333
854,1967,1967,3,6,1.9000000000000001
855,1967,1967,4,7,3.4466666666666668
856,1967,1967,5,8,3.0999999999999996
857,1967,1967,6,9,3.35
858,1967,1967,7,10,3.5533333333333332
859,1967,1967,8,11,2.4566666666666666
860,1967,1967,9,12,2.276666666666667
861,1967,1968,10,1,-0.49
862,1967,1968,11,2,-0.6266666666666666
863,1967,1968,12,3,-0.8700000000000001
864,1968,1968,1,4,-0.8666666666666667
865,1968,1968,2,5,-1.11
866,1968,1968,3,6,-1.3866666666666667
867,1968,1968,4,7,-1.8166666666666667
868,1968,1968,5,8,-1.7733333333333334
869,1968,1968,6,9,-1.8566666666666667
870,1968,1968,7,10,-1.9799999999999998
871,1968,1968,8,11,-0.8466666666666667
872,1968,1968,9,12,-1.1433333333333333
873,1968,1969,10,1,-0.3566666666666667
874,1968,1969,11,2,0.3666666666666667
875,1968,1969,12,3,0.7933333333333333
876,1969,1969,1,4,3.4499999999999997
877,1969,1969,2,5,4.266666666666667
878,1969,1969,3,6,2.3933333333333335
879,1969,1969,4,7,2.216666666666667
880,1969,1969,5,8,1.5233333333333334
881,1969,1969,6,9,1.6600000000000001
882,1969,1969,7,10,1.5933333333333335
883,1969,1969,8,11,0.16666666666666666
884,1969,1969,9,12,-0.23000000000000007
885,1969,1970,10,1,0.20000000000000004
886,1969,1970,11,2,-0.43333333333333335
887,1969,1970,12,3,0.63
888,1970,1970,1,4,2.4266666666666663
889,1970,1970,2,5,-0.5066666666666667
890,1970,1970,3,6,-0.7633333333333333
891,1970,1970,4,7,-0.8666666666666666
892,1970,1970,5,8,-1.2466666666666666
893,1970,1970,6,9,-0.8366666666666666
894,1970,1970,7,10,-0.82
895,1970,1970,8,11,-1.0066666666666666
896,1970,1970,9,12,-1.2766666666666666
897,1970,1971,10,1,-0.8066666666666666
898,1970,1971,11,2,1.3266666666666667
899,1970,1971,12,3,1.8099999999999998
900,1971,1971,1,4,-0.45333333333333337
901,1971,1971,2,5,-1.1933333333333334
902,1971,1971,3,6,-0.02333333333333328
903,1971,1971,4,7,-0.16333333333333333
904,1971,1971,5,8,1.4833333333333332
905,1971,1971,6,9,1.9333333333333336
906,1971,1971,7,10,2.59
907,1971,1971,8,11,2.566666666666667
908,1971,1971,9,12,2.493333333333333
909,1971,1972,10,1,1.29
910,1971,1972,11,2,1.0233333333333334
911,1971,1972,12,3,1.49
912,1972,1972,1,4,-0.7166666666666668
913,1972,1972,2,5,-1.11
914,1972,1972,3,6,-2.066666666666667
915,1972,1972,4,7,-1.9100000000000001
916,1972,1972,5,8,-2.0233333333333334
917,1972,1972,6,9,-2.046666666666667
918,1972,1972,7,10,-2.2433333333333336
919,1972,1972,8,11,-2.25
920,1972,1972,9,12,0.48666666666666664
921,1972,1973,10,1,0.85
922,1972,1973,11,2,1.38
923,1972,1973,12,3,1.0200000000000002
924,1973,1973,1,4,1.8099999999999998
925,1973,1973,2,5,2.14
926,1973,1973,3,6,1.4266666666666667
927,1973,1973,4,7,-0.5866666666666666
928,1973,1973,5,8,-0.8766666666666666
929,1973,1973,6,9,-1.4366666666666668
930,1973,1973,7,10,-1.8533333333333333
931,1973,1973,8,11,-1.79
932,1973,1973,9,12,-0.9166666666666666
933,1973,1974,10,1,0.45
934,1973,1974,11,2,1.64
935,1973,1974,12,3,1.6600000000000001
936,1974,1974,1,4,1.78
937,1974,1974,2,5,0.53
938,1974,1974,3,6,1.6666666666666667
939,1974,1974,4,7,1.1500000000000001
940,1974,1974,5,8,-0.4466666666666666
941,1974,1974,6,9,-0.7566666666666667
942,1974,1974,7,10,-0.6933333333333334
943,1974,1974,8,11,-0.6133333333333334
944,1974,1974,9,12,-1.0366666666666668
945,1974,1975,10,1,-0.5766666666666668
946,1974,1975,11,2,-1.2566666666666666
947,1974,1975,12,3,-1.3633333333333333
948,1975,1975,1,4,-2.1199999999999997
949,1975,1975,2,5,0.59
950,1975,1975,3,6,1.53
951,1975,1975,4,7,1.9133333333333338
952,1975,1975,5,8,0.7233333333333333
953,1975,1975,6,9,0.5366666666666667
954,1975,1975,7,10,0.38999999999999996
955,1975,1975,8,11,1.03
956,1975,1975,9,12,0.8266666666666667
957,1975,1976,10,1,1.7133333333333332
958,1975,1976,11,2,-0.5233333333333333
959,1975,1976,12,3,-1.4400000000000002
960,1976,1976,1,4,-2.61
961,1976,1976,2,5,-2.8733333333333335
962,1976,1976,3,6,-3.296666666666667
963,1976,1976,4,7,-3.1199999999999997
964,1976,1976,5,8,-3.536666666666667
965,1976,1976,6,9,-3.84
966,1976,1976,7,10,-3.69
967,1976,1976,8,11,-2.7566666666666664
968,1976,1976,9,12,-1.6600000000000001
969,1976,1977,10,1,-1.9066666666666665
970,1976,1977,11,2,-2.4933333333333336
971,1976,1977,12,3,-3.2533333333333334
972,1977,1977,1,4,-3.8699999999999997
973,1977,1977,2,5,-4.486666666666667
974,1977,1977,3,6,-4.816666666666666
975,1977,1977,4,7,-5.303333333333334
976,1977,1977,5,8,-2.8633333333333333
977,1977,1977,6,9,-3.34
978,1977,1977,7,10,-3.6199999999999997
979,1977,1977,8,11,-3.3433333333333337
980,1977,1977,9,12,-2.626666666666667
981,1977,1978,10,1,-3.1799999999999997
982,1977,1978,11,2,-3.0966666666666662
983,1977,1978,12,3,0.6733333333333333
984,1978,1978,1,4,1.7633333333333334
985,1978,1978,2,5,2.0966666666666667
986,1978,1978,3,6,2.516666666666667
987,1978,1978,4,7,3.223333333333333
988,1978,1978,5,8,1.0933333333333335
989,1978,1978,6,9,0.8700000000000001
990,1978,1978,7,10,0.6833333333333332
991,1978,1978,8,11,0.7400000000000001
992,1978,1978,9,12,1.6733333333333331
993,1978,1979,10,1,-0.7633333333333333
994,1978,1979,11,2,-0.8933333333333334
995,1978,1979,12,3,-1.3966666666666667
996,1979,1979,1,4,-0.30666666666666664
997,1979,1979,2,5,0.20333333333333334
998,1979,1979,3,6,0.013333333333333345
999,1979,1979,4,7,-0.5366666666666666
1000,1979,1979,5,8,-0.59
1001,1979,1979,6,9,-0.8833333333333334
1002,1979,1979,7,10,-1.0333333333333332
1003,1979,1979,8,11,-0.85
1004,1979,1979,9,12,-1.0833333333333333
1005,1979,1980,10,1,0.18666666666666673
1006,1979,1980,11,2,-0.01999999999999998
1007,1979,1980,12,3,-0.1466666666666667
1008,1980,1980,1,4,1.3333333333333333
1009,1980,1980,2,5,2.1933333333333334
1010,1980,1980,3,6,1.8566666666666667
1011,1980,1980,4,7,1.58
1012,1980,1980,5,8,1.7133333333333332
1013,1980,1980,6,9,1.8666666666666665
1014,1980,1980,7,10,2.34
1015,1980,1980,8,11,2.28
1016,1980,1980,9,12,0.8566666666666668
1017,1980,1981,10,1,-0.49333333333333335
1018,1980,1981,11,2,-1.1766666666666665
1019,1980,1981,12,3,-1.5
1020,1981,1981,1,4,-1.3733333333333333
1021,1981,1981,2,5,-1.8333333333333333
1022,1981,1981,3,6,-1.3566666666666667
1023,1981,1981,4,7,-1.57
1024,1981,1981,5,8,-1.3233333333333333
1025,1981,1981,6,9,-1.4733333333333334
1026,1981,1981,7,10,-1.8666666666666665
1027,1981,1981,8,11,-2.063333333333333
1028,1981,1981,9,12,-1.3933333333333333
1029,1981,1982,10,1,1.0533333333333335
1030,1981,1982,11,2,2.3433333333333333
1031,1981,1982,12,3,2.36
1032,1982,1982,1,4,2.44
1033,1982,1982,2,5,2.0500000000000003
1034,1982,1982,3,6,2.94
1035,1982,1982,4,7,3.7399999999999998
1036,1982,1982,5,8,2.94
1037,1982,1982,6,9,2.973333333333333
1038,1982,1982,7,10,2.896666666666667
1039,1982,1982,8,11,2.8733333333333335
1040,1982,1982,9,12,3.8666666666666667
1041,1982,1983,10,1,4.716666666666667
1042,1982,1983,11,2,5.236666666666667
1043,1982,1983,12,3,5.04
1044,1983,1983,1,4,5.25
1045,1983,1983,2,5,5.6000000000000005
1046,1983,1983,3,6,6.956666666666667
1047,1983,1983,4,7,7.033333333333334
1048,1983,1983,5,8,6.16
1049,1983,1983,6,9,5.62
1050,1983,1983,7,10,5.04
1051,1983,1983,8,11,5.323333333333333
1052,1983,1983,9,12,5.363333333333333
1053,1983,1984,10,1,4.71
1054,1983,1984,11,2,6.013333333333333
1055,1983,1984,12,3,6.523333333333333
1056,1984,1984,1,4,-1.0466666666666666
1057,1984,1984,2,5,-1.2066666666666668
1058,1984,1984,3,6,-1.6766666666666667
1059,1984,1984,4,7,-1.6533333333333333
1060,1984,1984,5,8,-1.9400000000000002
1061,1984,1984,6,9,-1.3666666666666665
1062,1984,1984,7,10,-1.2233333333333334
1063,1984,1984,8,11,-0.4033333333333333
1064,1984,1984,9,12,-0.62
1065,1984,1985,10,1,-0.08333333333333333
1066,1984,1985,11,2,1.0733333333333333
1067,1984,1985,12,3,-0.55
1068,1985,1985,1,4,-1.3566666666666665
1069,1985,1985,2,5,-1.6466666666666667
1070,1985,1985,3,6,-1.2
1071,1985,1985,4,7,-1.9166666666666667
1072,1985,1985,5,8,-2.3733333333333335
1073,1985,1985,6,9,-2.9033333333333338
1074,1985,1985,7,10,-3.266666666666667
1075,1985,1985,8,11,-3.3166666666666664
1076,1985,1985,9,12,0.8699999999999998
1077,1985,1986,10,1,0.7333333333333334
1078,1985,1986,11,2,1.2766666666666666
1079,1985,1986,12,3,0.77
1080,1986,1986,1,4,0.4566666666666667
1081,1986,1986,2,5,2.7366666666666664
1082,1986,1986,3,6,2.9166666666666665
1083,1986,1986,4,7,0.58
1084,1986,1986,5,8,0.42333333333333334
1085,1986,1986,6,9,0.10000000000000002
1086,1986,1986,7,10,-0.16999999999999996
1087,1986,1986,8,11,-0.3866666666666667
1088,1986,1986,9,12,1.04
1089,1986,1987,10,1,-0.54
1090,1986,1987,11,2,-1.3333333333333333
1091,1986,1987,12,3,-2.033333333333333
1092,1987,1987,1,4,-2.4066666666666663
1093,1987,1987,2,5,-2.5533333333333332
1094,1987,1987,3,6,-2.3033333333333332
1095,1987,1987,4,7,-2.8366666666666664
1096,1987,1987,5,8,-2.733333333333333
1097,1987,1987,6,9,-2.9600000000000004
1098,1987,1987,7,10,-2.9266666666666663
1099,1987,1987,8,11,-2.8733333333333335
1100,1987,1987,9,12,-3.0233333333333334
1101,1987,1988,10,1,-3.03
1102,1987,1988,11,2,-3.03
1103,1987,1988,12,3,-2.5566666666666666
1104,1988,1988,1,4,-2.3933333333333335
1105,1988,1988,2,5,-3.0966666666666662
1106,1988,1988,3,6,-3.766666666666667
1107,1988,1988,4,7,-3.23
1108,1988,1988,5,8,-2.793333333333333
1109,1988,1988,6,9,-2.3033333333333332
1110,1988,1988,7,10,-1.9100000000000001
1111,1988,1988,8,11,-1.8866666666666667
1112,1988,1988,9,12,-2.0500000000000003
1113,1988,1989,10,1,-2.6833333333333336
1114,1988,1989,11,2,-0.73
1115,1988,1989,12,3,-1.1566666666666665
1116,1989,1989,1,4,-1.76
1117,1989,1989,2,5,-1.9966666666666668
1118,1989,1989,3,6,0.18000000000000002
1119,1989,1989,4,7,-0.4433333333333332
1120,1989,1989,5,8,-0.38999999999999996
1121,1989,1989,6,9,-0.3366666666666667
1122,1989,1989,7,10,-0.5233333333333333
1123,1989,1989,8,11,0.49
1124,1989,1989,9,12,1.67
1125,1989,1990,10,1,2.01
1126,1989,1990,11,2,-0.47666666666666674
1127,1989,1990,12,3,-1.5833333333333333
1128,1990,1990,1,4,-1.7966666666666666
1129,1990,1990,2,5,-2.0366666666666666
1130,1990,1990,3,6,-2.5900000000000003
1131,1990,1990,4,7,-2.8533333333333335
1132,1990,1990,5,8,-1.0366666666666666
1133,1990,1990,6,9,-1.1500000000000001
1134,1990,1990,7,10,-0.93
1135,1990,1990,8,11,-0.7366666666666667
1136,1990,1990,9,12,-1.29
1137,1990,1991,10,1,-1.7233333333333334
1138,1990,1991,11,2,-2.1933333333333334
1139,1990,1991,12,3,-2.736666666666667
1140,1991,1991,1,4,-3.7433333333333336
1141,1991,1991,2,5,-4.390000000000001
1142,1991,1991,3,6,0.5033333333333333
1143,1991,1991,4,7,0.15666666666666673
1144,1991,1991,5,8,0.4333333333333334
1145,1991,1991,6,9,0.56
1146,1991,1991,7,10,0.9733333333333332
1147,1991,1991,8,11,0.9933333333333333
1148,1991,1991,9,12,-0.7266666666666666
1149,1991,1992,10,1,-0.5166666666666667
1150,1991,1992,11,2,-1.0599999999999998
1151,1991,1992,12,3,-1.4566666666666668
1152,1992,1992,1,4,-2.266666666666667
1153,1992,1992,2,5,-1.97
1154,1992,1992,3,6,-2.1766666666666663
1155,1992,1992,4,7,-2.6033333333333335
1156,1992,1992,5,8,-3.203333333333333
1157,1992,1992,6,9,-3.2133333333333334
1158,1992,1992,7,10,-3.223333333333333
1159,1992,1992,8,11,-3.026666666666667
1160,1992,1992,9,12,-3.1366666666666667
1161,1992,1993,10,1,-2.3766666666666665
1162,1992,1993,11,2,-2.9500000000000006
1163,1992,1993,12,3,0.88
1164,1993,1993,1,4,2.183333333333333
1165,1993,1993,2,5,2.6199999999999997
1166,1993,1993,3,6,0.6433333333333334
1167,1993,1993,4,7,0.3533333333333333
1168,1993,1993,5,8,0.48333333333333334
1169,1993,1993,6,9,1.1333333333333333
1170,1993,1993,7,10,1.3699999999999999
1171,1993,1993,8,11,1.4966666666666668
1172,1993,1993,9,12,-0.34
1173,1993,1994,10,1,-0.37333333333333335
1174,1993,1994,11,2,-0.7233333333333333
1175,1993,1994,12,3,-1.0866666666666667
1176,1994,1994,1,4,-1.9366666666666665
1177,1994,1994,2,5,-1.7699999999999998
1178,1994,1994,3,6,-2.4633333333333334
1179,1994,1994,4,7,-2.48
1180,1994,1994,5,8,-0.9566666666666667
1181,1994,1994,6,9,-1.1133333333333333
1182,1994,1994,7,10,-1.18
1183,1994,1994,8,11,-1.4233333333333331
1184,1994,1994,9,12,-1.1833333333333333
1185,1994,1995,10,1,-1.2333333333333334
1186,1994,1995,11,2,0.82
1187,1994,1995,12,3,0.48
1188,1995,1995,1,4,2.8433333333333333
1189,1995,1995,2,5,1.7266666666666666
1190,1995,1995,3,6,4.323333333333333
1191,1995,1995,4,7,4.646666666666667
1192,1995,1995,5,8,5.223333333333334
1193,1995,1995,6,9,5.7
1194,1995,1995,7,10,6.316666666666666
1195,1995,1995,8,11,6.1000000000000005
1196,1995,1995,9,12,5.146666666666667
1197,1995,1996,10,1,3.8733333333333335
1198,1995,1996,11,2,2.4433333333333334
1199,1995,1996,12,3,2.8266666666666667
1200,1996,1996,1,4,3.0933333333333333
1201,1996,1996,2,5,3.6366666666666667
1202,1996,1996,3,6,3.266666666666667
1203,1996,1996,4,7,3.116666666666667
1204,1996,1996,5,8,3.883333333333333
1205,1996,1996,6,9,3.6833333333333336
1206,1996,1996,7,10,3.626666666666667
1207,1996,1996,8,11,3.1233333333333335
1208,1996,1996,9,12,2.606666666666667
1209,1996,1997,10,1,2.59
1210,1996,1997,11,2,2.6599999999999997
1211,1996,1997,12,3,4.196666666666666
1212,1997,1997,1,4,5.59
1213,1997,1997,2,5,0.6966666666666668
1214,1997,1997,3,6,-0.38999999999999996
1215,1997,1997,4,7,-0.8033333333333333
1216,1997,1997,5,8,-1.4433333333333334
1217,1997,1997,6,9,-1.4066666666666665
1218,1997,1997,7,10,-1.38
1219,1997,1997,8,11,-1.2433333333333334
1220,1997,1997,9,12,-1.12
1221,1997,1998,10,1,-1.1433333333333333
1222,1997,1998,11,2,0.23333333333333336
1223,1997,1998,12,3,-0.2166666666666667
1224,1998,1998,1,4,1.0899999999999999
1225,1998,1998,2,5,2.986666666666667
1226,1998,1998,3,6,3.02
1227,1998,1998,4,7,2.9966666666666666
1228,1998,1998,5,8,4.556666666666667
1229,1998,1998,6,9,5.183333333333334
1230,1998,1998,7,10,6.103333333333333
1231,1998,1998,8,11,5.863333333333333
1232,1998,1998,9,12,5.873333333333334
1233,1998,1999,10,1,3.106666666666667
1234,1998,1999,11,2,3.2900000000000005
1235,1998,1999,12,3,0.7233333333333333
1236,1999,1999,1,4,0.7166666666666668
1237,1999,1999,2,5,1.22
1238,1999,1999,3,6,-0.48333333333333334
1239,1999,1999,4,7,-0.10333333333333332
1240,1999,1999,5,8,-0.39666666666666667
1241,1999,1999,6,9,-0.35666666666666663
1242,1999,1999,7,10,-0.39666666666666667
1243,1999,1999,8,11,-0.18666666666666665
1244,1999,1999,9,12,-0.6933333333333334
1245,1999,2000,10,1,-1.01
1246,1999,2000,11,2,-1.3166666666666667
1247,1999,2000,12,3,-2.2399999999999998
1248,2000,2000,1,4,-0.36999999999999994
1249,2000,2000,2,5,0.6
1250,2000,2000,3,6,-0.8666666666666666
1251,2000,2000,4,7,-0.9333333333333332
1252,2000,2000,5,8,-0.5266666666666667
1253,2000,2000,6,9,-0.4533333333333333
1254,2000,2000,7,10,-0.6866666666666665
1255,2000,2000,8,11,-0.6833333333333335
1256,2000,2000,9,12,-0.5033333333333333
1257,2000,2001,10,1,0.20333333333333337
1258,2000,2001,11,2,-0.9933333333333333
1259,2000,2001,12,3,-1.8833333333333335
1260,2001,2001,1,4,-2.186666666666667
1261,2001,2001,2,5,-2.09
1262,2001,2001,3,6,-2.4666666666666663
1263,2001,2001,4,7,-1.9100000000000001
1264,2001,2001,5,8,-2.4533333333333336
1265,2001,2001,6,9,-2.8833333333333333
1266,2001,2001,7,10,-3.1
1267,2001,2001,8,11,-3.1966666666666668
1268,2001,2001,9,12,-3.0666666666666664
1269,2001,2002,10,1,-3.2133333333333334
1270,2001,2002,11,2,-2.4766666666666666
1271,2001,2002,12,3,-1.68
1272,2002,2002,1,4,-1.9733333333333334
1273,2002,2002,2,5,-2.4366666666666665
1274,2002,2002,3,6,-2.4066666666666667
1275,2002,2002,4,7,-2.47
1276,2002,2002,5,8,-2.3866666666666667
1277,2002,2002,6,9,-2.52
1278,2002,2002,7,10,-2.77
1279,2002,2002,8,11,-2.9166666666666665
1280,2002,2002,9,12,-3.0500000000000003
1281,2002,2003,10,1,-3.396666666666667
1282,2002,2003,11,2,-1.74
1283,2002,2003,12,3,-0.48999999999999994
1284,2003,2003,1,4,-1.1966666666666665
1285,2003,2003,2,5,-1.5366666666666664
1286,2003,2003,3,6,-1.6566666666666665
1287,2003,2003,4,7,0.34
1288,2003,2003,5,8,0.55
1289,2003,2003,6,9,-0.026666666666666616
1290,2003,2003,7,10,-0.2266666666666667
1291,2003,2003,8,11,0.07333333333333332
1292,2003,2003,9,12,-0.8433333333333333
1293,2003,2004,10,1,-1.5766666666666669
1294,2003,2004,11,2,-1.1433333333333333
1295,2003,2004,12,3,0.003333333333333336
1296,2004,2004,1,4,-0.94
1297,2004,2004,2,5,-0.07666666666666667
1298,2004,2004,3,6,-1.3933333333333333
1299,2004,2004,4,7,-1.97
1300,2004,2004,5,8,-2.2133333333333334
1301,2004,2004,6,9,-2.6999999999999997
1302,2004,2004,7,10,-3.09
1303,2004,2004,8,11,-3.08
1304,2004,2004,9,12,-3.1199999999999997
1305,2004,2005,10,1,1.4566666666666668
1306,2004,2005,11,2,1.17
1307,2004,2005,12,3,1.3099999999999998
1308,2005,2005,1,4,1.66
1309,2005,2005,2,5,1.2833333333333334
1310,2005,2005,3,6,1.4233333333333331
1311,2005,2005,4,7,1.3133333333333335
1312,2005,2005,5,8,2.533333333333333
1313,2005,2005,6,9,2.94
1314,2005,2005,7,10,3.5566666666666666
1315,2005,2005,8,11,3.1300000000000003
1316,2005,2005,9,12,2.716666666666667
1317,2005,2006,10,1,2.1166666666666667
1318,2005,2006,11,2,1.58
1319,2005,2006,12,3,2.8966666666666665
1320,2006,2006,1,4,2.926666666666667
1321,2006,2006,2,5,2.49
1322,2006,2006,3,6,3.3266666666666667
1323,2006,2006,4,7,4.443333333333333
1324,2006,2006,5,8,1.13
1325,2006,2006,6,9,0.73
1326,2006,2006,7,10,-0.9866666666666667
1327,2006,2006,8,11,-1.3333333333333333
1328,2006,2006,9,12,-1.6733333333333331
1329,2006,2007,10,1,-1.88
1330,2006,2007,11,2,-2.026666666666667
1331,2006,2007,12,3,-2.19
1332,2007,2007,1,4,-3.0933333333333337
1333,2007,2007,2,5,-2.703333333333333
1334,2007,2007,3,6,-3.4933333333333336
1335,2007,2007,4,7,-3.4133333333333336
1336,2007,2007,5,8,-3.7133333333333334
1337,2007,2007,6,9,-4.01
1338,2007,2007,7,10,-4.213333333333333
1339,2007,2007,8,11,-4.1000000000000005
1340,2007,2007,9,12,-3.6799999999999997
1341,2007,2008,10,1,-3.223333333333333
1342,2007,2008,11,2,-3.76
1343,2007,2008,12,3,-3.626666666666667
1344,2008,2008,1,4,-2.513333333333333
1345,2008,2008,2,5,-2.3200000000000003
1346,2008,2008,3,6,-3.0033333333333334
1347,2008,2008,4,7,-3.36
1348,2008,2008,5,8,-3.28
1349,2008,2008,6,9,-3.61
1350,2008,2008,7,10,-3.8666666666666667
1351,2008,2008,8,11,-3.933333333333333
1352,2008,2008,9,12,-4.046666666666666
1353,2008,2009,10,1,-3.94
1354,2008,2009,11,2,-3.7600000000000002
1355,2008,2009,12,3,-3.686666666666667
1356,2009,2009,1,4,-4.133333333333334
1357,2009,2009,2,5,-2.4133333333333336
1358,2009,2009,3,6,-1.0966666666666667
1359,2009,2009,4,7,-1.49
1360,2009,2009,5,8,-1.0533333333333335
1361,2009,2009,6,9,-0.6033333333333334
1362,2009,2009,7,10,-0.6499999999999999
1363,2009,2009,8,11,-0.9700000000000001
1364,2009,2009,9,12,-1.3166666666666667
1365,2009,2010,10,1,0.5666666666666667
1366,2009,2010,11,2,-0.32999999999999996
1367,2009,2010,12,3,-0.4033333333333333
1368,2010,2010,1,4,0.19666666666666668
1369,2010,2010,2,5,0.13999999999999999
1370,2010,2010,3,6,-0.15333333333333335
1371,2010,2010,4,7,0.9966666666666667
1372,2010,2010,5,8,1.2866666666666668
1373,2010,2010,6,9,1.02
1374,2010,2010,7,10,1.1466666666666667
1375,2010,2010,8,11,0.9866666666666667
1376,2010,2010,9,12,0.56
1377,2010,2011,10,1,1.7766666666666666
1378,2010,2011,11,2,1.8266666666666669
1379,2010,2011,12,3,2.9433333333333334
1380,2011,2011,1,4,1.9033333333333333
1381,2011,2011,2,5,1.8266666666666669
1382,2011,2011,3,6,3.1133333333333333
1383,2011,2011,4,7,2.7000000000000006
1384,2011,2011,5,8,3.0933333333333333
1385,2011,2011,6,9,3.7533333333333334
1386,2011,2011,7,10,4.31
1387,2011,2011,8,11,4.133333333333333
1388,2011,2011,9,12,-0.17666666666666667
1389,2011,2012,10,1,0.016666666666666663
1390,2011,2012,11,2,-0.5499999999999999
1391,2011,2012,12,3,-1.5899999999999999
1392,2012,2012,1,4,-1.9866666666666666
1393,2012,2012,2,5,-2.733333333333333
1394,2012,2012,3,6,-1.5200000000000002
1395,2012,2012,4,7,-1.1366666666666667
1396,2012,2012,5,8,-2.0433333333333334
1397,2012,2012,6,9,-2.17
1398,2012,2012,7,10,-2.31
1399,2012,2012,8,11,-2.2899999999999996
1400,2012,2012,9,12,-2.566666666666667
1401,2012,2013,10,1,-2.5833333333333335
1402,2012,2013,11,2,-1.6066666666666667
1403,2012,2013,12,3,-0.5266666666666666
1404,2013,2013,1,4,-1.76
1405,2013,2013,2,5,-2.4566666666666666
1406,2013,2013,3,6,-3.0533333333333332
1407,2013,2013,4,7,-3.33
1408,2013,2013,5,8,-3.2866666666666666
1409,2013,2013,6,9,-3.313333333333334
1410,2013,2013,7,10,-3.373333333333333
1411,2013,2013,8,11,-3.19
1412,2013,2013,9,12,-2.7600000000000002
1413,2013,2014,10,1,-2.92
1414,2013,2014,11,2,-3.35
1415,2013,2014,12,3,-3.9733333333333327
1416,2014,2014,1,4,-4.963333333333334
1417,2014,2014,2,5,-4.646666666666667
1418,2014,2014,3,6,-4.466666666666667
1419,2014,2014,4,7,-4.46
1420,2014,2014,5,8,-4.736666666666667
1421,2014,2014,6,9,-5.25
1422,2014,2014,7,10,-5.433333333333334
1423,2014,2014,8,11,-4.926666666666667
1424,2014,2014,9,12,-4.3933333333333335
1425,2014,2015,10,1,-4.383333333333333
1426,2014,2015,11,2,-4.3
1427,2014,2015,12,3,-3.3466666666666662
1428,2015,2015,1,4,-4.3500000000000005
1429,2015,2015,2,5,-4.43
1430,2015,2015,3,6,-5.32
1431,2015,2015,4,7,-5.236666666666667
1432,2015,2015,5,8,-3.19
1433,2015,2015,6,9,-3.456666666666667
1434,2015,2015,7,10,-3.23
1435,2015,2015,8,11,-3.1666666666666665
1436,2015,2015,9,12,-3.143333333333333
1437,2015,2016,10,1,-3.063333333333334
1438,2015,2016,11,2,-2.7099999999999995
1439,2015,2016,12,3,-1.0666666666666667
1440,2016,2016,1,4,-0.1766666666666666
1441,2016,2016,2,5,-0.9633333333333334
1442,2016,2016,3,6,-0.27999999999999997
1443,2016,2016,4,7,-0.7933333333333333
1444,2016,2016,5,8,-0.5766666666666667
1445,2016,2016,6,9,-0.8733333333333334
1446,2016,2016,7,10,-1.14
1447,2016,2016,8,11,-1.39
1448,2016,2016,9,12,-1.68
1449,2016,2017,10,1,1.5566666666666666
1450,2016,2017,11,2,1.0333333333333334
1451,2016,2017,12,3,1.0966666666666665
1452,2017,2017,1,4,3.486666666666667
1453,2017,2017,2,5,4.81
1454,2017,2017,3,6,2.813333333333333
1455,2017,2017,4,7,3.3800000000000003
1456,2017,2017,5,8,-0.33666666666666667
1457,2017,2017,6,9,-0.5166666666666667
1458,2017,2017,7,10,-0.98
1459,2017,2017,8,11,-1.0
1460,2017,2017,9,12,-0.8966666666666666
1461,2017,2018,10,1,-1.3266666666666667
1462,2017,2018,11,2,-0.91
1463,2017,2018,12,3,-1.9633333333333336
1464,2018,2018,1,4,-2.36
1465,2018,2018,2,5,-3.17
1466,2018,2018,3,6,-1.0666666666666667
1467,2018,2018,4,7,-0.63
1468,2018,2018,5,8,-0.49333333333333335
1469,2018,2018,6,9,-1.2033333333333334
1470,2018,2018,7,10,-1.3666666666666665
1471,2018,2018,8,11,-1.6633333333333333
1472,2018,2018,9,12,-1.9800000000000002
1473,2018,2019,10,1,-2.1566666666666667
1474,2018,2019,11,2,-1.873333333333333
1475,2018,2019,12,3,-2.1766666666666663
1476,2019,2019,1,4,0.2833333333333333
1477,2019,2019,2,5,1.9433333333333334
1478,2019,2019,3,6,2.223333333333333
1479,2019,2019,4,7,1.6866666666666668
1480,2019,2019,5,8,2.7733333333333334
1481,2019,2019,6,9,2.6666666666666665
1482,2019,2019,7,10,2.54
1483,2019,2019,8,11,1.3433333333333335
1484,2019,2019,9,12,1.46
1485,2019,2020,10,1,-0.6766666666666667
1486,2019,2020,11,2,-1.2266666666666668
1487,2019,2020,12,3,-0.85
1488,2020,2020,1,4,-1.5266666666666666
1489,2020,2020,2,5,-2.58
1490,2020,2020,3,6,-2.473333333333333
1491,2020,2020,4,7,-2.3233333333333333
1492,2020,2020,5,8,-1.9966666666666668
1493,2020,2020,6,9,-1.9200000000000002
1494,2020,2020,7,10,-2.02
1495,2020,2020,8,11,-2.1066666666666665
1496,2020,2020,9,12,-2.4433333333333334
1497,2020,2021,10,1,-3.0866666666666664
1498,2020,2021,11,2,-3.2733333333333334
1499,2020,2021,12,3,-3.5233333333333334
1500,2021,2021,1,4,-3.4866666666666664
1501,2021,2021,2,5,-3.8633333333333333
1502,2021,2021,3,6,-3.986666666666667
1503,2021,2021,4,7,-4.3933333333333335
1504,2021,2021,5,8,-4.846666666666667
1505,2021,2021,6,9,-5.496666666666667
1506,2021,2021,7,10,-5.906666666666666
1507,2021,2021,8,11,-5.873333333333334
1508,2021,2021,9,12,-5.536666666666666
