OBJECTID,YEAR_,STATE,AGENCY,UNIT_ID,TREATMENT_,TREATMEN_1,TREATMEN_2,START_DATE,END_DATE,TREATED_AC,GIS_ACRES,RX_CONSUM,PRE_CON_CL,POST_CON_C,Shape_Leng,Shape_Area,area
6156,"2020",CA,CDF,AEU,"10509",Jan 31 2020 Broadcast,"3",2020/01/31 00:00:00.000,2020/01/31 00:00:00.000,15.000000000000000,15.047044754028320,,,,1365.887528665628679,60893.216905848210445,60061.667
6158,"2020",CA,CDF,AEU,"10630",Feb 2020 Broadcast,"3",2020/02/13 00:00:00.000,2020/02/18 00:00:00.000,22.400000000000006,38.839847564697266,,,,3918.219955549231599,157179.228864885371877,157179.229
6159,"2020",CA,CDF,AEU,"10639",Feb 2020 Broadcast,"3",2020/02/11 00:00:00.000,2020/02/20 00:00:00.000,75.500000000000000,75.502464294433594,,,,3918.834462397182506,305529.980210500245448,305529.981
6160,"2020",CA,CDF,AEU,"10780",Mar 3 2020 Broadcast,"3",2020/03/03 00:00:00.000,2020/03/03 00:00:00.000,61.800000000000011,61.773609161376953,,,,2769.034316039823352,249980.461715837504016,249980.461
6161,"2020",CA,CDF,AEU,"10782",March 5 2020 Broadcast,"3",2020/03/05 00:00:00.000,2020/03/05 00:00:00.000,16.500000000000000,16.476650238037109,,,,1452.106186384720331,66678.603322638853570,66678.603
6171,"2020",CA,CDF,AEU,"11504",Dec 11 2020 Broadcast,"3",2020/12/11 00:00:00.000,2020/12/11 00:00:00.000,47.800000000000011,47.792243957519531,,,,1931.251309478722760,193408.299968200677540,182177.909
6790,"2020",CA,USF,ENF,11000990RX,VIEW 88 UNIT 99+ RXBURN,"3",2019/05/24 00:00:00.000,2020/02/19 00:00:00.000,50.000000000000000,50.439968109130859,,,,2969.024720836298457,204123.515804659429705,201024.858
6837,"2017",CA,CDF,AEU,"6635",2017 SPRING BROADCAST BURN,"3",2017/05/26 00:00:00.000,2017/05/26 00:00:00.000,26.000000000000000,26.388813018798828,,,,2048.866464534959050,106792.049468206416350,106792.049
6860,"2017",CA,CDF,AEU,"7573",2017 FALL BURN,"7",2017/11/02 00:00:00.000,2017/11/03 00:00:00.000,33.000000000000000,32.743148803710938,,,,2417.448325660842784,132506.648867087234976,132506.649
6871,"2017",CA,CDF,AEU,"7953",EARLY 2018 BROADCAST,"3",2018/02/16 00:00:00.000,2018/02/17 00:00:00.000,61.000000000000000,60.506839752197266,,,,3821.194185543333333,244861.702758929488482,234236.175
6888,"2017",CA,CDF,AEU,"7951",EARLY 2018 BROADCAST,"3",2018/02/15 00:00:00.000,2018/02/15 00:00:00.000,6.600000000000002,6.570633411407472,,,,1490.438523503373062,26590.275945985355065,1548.512
6939,"2017",CA,USF,ENF,"1331177000",,"3",2017/05/23 00:00:00.000,2017/05/23 00:00:00.000,108.000000000000000,108.373847961425781,,,,3837.127701312690533,438573.382316830160562,89376.216
6942,"2017",CA,USF,ENF,"6200151000",,"11",2017/06/28 00:00:00.000,2017/06/28 00:00:00.000,24.000000000000000,6.211121082305908,,,,1265.136854034073167,25135.514360644359840,25135.514
7161,"2015",CA,USF,ENF,"6200162000",MARSHALLMINE/BALTIC RX,"3",2015/02/06 00:00:00.000,2015/02/06 00:00:00.000,344.000000000000000,344.340393066406250,,,,9897.172539060251438,1393496.131549317855388,1393496.130
7318,"2006",CA,CDF,AEU,Rx-067,SHAKE/OMO VMP,"3",2006/05/09 00:00:00.000,2006/05/09 00:00:00.000,18.000000000000000,17.868192672729492,"4","3","2",1226.242143583709094,72310.007619832904311,72310.008
7579,"2008",CA,USF,ENF,"0503511120113000001",CAT ANDERSON AERIAL IGNITION,"3",2008/10/01 00:00:00.000,2008/11/23 00:00:00.000,445.065318239061526,445.065307617187500,,,,8771.627390173973254,1801115.442041709553450,1801115.450
7580,"2008",CA,USF,ENF,"0503511120113000002",CAT ANDERSON AERIAL IGNITION,"3",2008/10/01 00:00:00.000,2008/11/23 00:00:00.000,199.454677883716926,199.454681396484375,,,,6440.718678131795969,807164.442277739057317,807164.440
7581,"2005",CA,USF,ENF,"0503511120221000000",,"3",2005/10/01 00:00:00.000,2005/11/15 00:00:00.000,11.463522656017174,11.463522911071777,,,,1012.694130557901644,46391.230906591510575,46391.231
7582,"2008",CA,USF,ENF,"0503511140082000000",CAT ANDERSON RXBURN -EAST,"3",2008/10/01 00:00:00.000,2008/11/23 00:00:00.000,1268.576247875925219,1268.576293945312500,,,,12530.516684265438016,5133745.936942273750901,5133745.943
7583,"2009",CA,USF,ENF,"0503511400006000000",,"3",2007/10/01 00:00:00.000,2009/10/24 00:00:00.000,33.715569443466762,33.715568542480469,,,,1730.728125416009107,136442.279002056689933,136442.279
7584,"2008",CA,USF,ENF,"0503511400091000001",,"3",2007/10/01 00:00:00.000,2008/03/11 00:00:00.000,32.966048826366723,32.966049194335938,,,,1746.852238447989293,133408.866414134157822,133408.867
7585,"2009",CA,USF,ENF,"0503511400900000000",SCOTT CREEK UNDERSTORY BURN,"3",2009/10/01 00:00:00.000,2009/10/24 00:00:00.000,62.789373346455818,62.789371490478509,,,,2828.619909190689214,254099.790212921652710,254099.790
7594,"2007",CA,USF,ENF,"0503566160010000000",HAZEL,"3",2006/11/01 00:00:00.000,2007/02/07 00:00:00.000,207.689037318459469,207.689041137695341,,,,7399.334034083023653,840487.714534280938096,356831.966
7595,"2007",CA,USF,ENF,"0503566220050000000",LINCOLN LOG,"3",2007/10/01 00:00:00.000,2007/11/01 00:00:00.000,57.090349055622163,57.090347290039062,,,,2280.638427890236926,231036.445732802327257,231036.446
7596,"2007",CA,USF,ENF,"0503566220051000000",LINCOLN LOG,"3",2007/10/01 00:00:00.000,2007/11/01 00:00:00.000,46.152438782525685,46.152439117431641,,,,2130.740232793250016,186772.293296486954205,186772.296
7597,"2010",CA,USF,ENF,"0503566230139000000",GRIZZLY COMPOUND,"3",2010/04/01 00:00:00.000,2010/05/01 00:00:00.000,23.902017575202134,23.902017593383789,,,,1704.836756965311224,96728.033332524413709,96728.033
7598,"2009",CA,USF,ENF,"0503566240144000000",LAST CHANCE # 144,"3",2009/05/01 00:00:00.000,2009/05/01 00:00:00.000,25.548704240065398,25.548704147338867,,,,1449.341610283253203,103391.936477676208597,103391.947
7599,"2008",CA,USF,ENF,"0503566240305000000",LAST CHANCE RX BURN,"3",2008/04/01 00:00:00.000,2008/04/30 00:00:00.000,170.291678949902519,170.291671752929688,,,,4164.717915106395594,689145.976144454092719,689145.978
7600,"2005",CA,USF,ENF,"0503566240500000000",SIMPSON UNDER BURN,"3",2005/11/01 00:00:00.000,2005/11/01 00:00:00.000,792.585596356369820,792.585571289062500,,,,12597.403151854970929,3207480.110916509293020,3207480.142
7601,"2009",CA,USF,ENF,"0503566241146000000",LAST CHANCE STEWD # 146,"3",2008/05/01 00:00:00.000,2009/05/01 00:00:00.000,24.720300018185984,24.720300674438477,,,,1910.440126424625987,100039.504018883599201,100039.503
7602,"2010",CA,USF,ENF,"0503566300144000001",TRAP RX BURN U17 1008 AC,"3",2010/10/01 00:00:00.000,2010/10/17 00:00:00.000,974.416317079387909,974.416320800781364,,,,20301.645372823164507,3943322.926141004543751,3872411.872
7603,"2011",CA,USF,ENF,"0503566300144000002",TRAP RX BURN U17 1008 AC,"3",2010/10/01 00:00:00.000,2011/11/01 00:00:00.000,115.020470763951337,115.020469665527344,,,,3770.773408279736032,465471.332109280570876,456443.432
7634,"2001",CA,CDF,AEU,00000RX4-048-AEU,SHAKE RIDGE,,2001/10/26 00:00:00.000,,27.000000000000000,26.533447265625000,,,,2297.312975457536140,107377.053888797730906,94842.513
7635,"2001",CA,CDF,AEU,00000RX4-048-AEU,SHAKE RIDGE,,2001/10/29 00:00:00.000,,15.000000000000000,14.740401268005373,,,,1141.671210380726052,59652.289193449665618,59652.289
7636,"2001",CA,CDF,AEU,00000RX4-048-AEU,N. ANTELOPE,,2001/06/01 00:00:00.000,,342.000000000000000,332.272796630859375,,,,8416.080793681800060,1344660.342994497390464,201.898
7706,"1985",CA,CDF,AEU,000000045-004-85,BIG CANYON RANCH,,1985/09/30 00:00:00.000,,0.000000000000000,205.072418212890625,,,,3871.423396784218312,829898.635041064932011,829898.635
7707,"1985",CA,CDF,AEU,0000045-006-85-V,CEMENT HILL,,,,0.000000000000000,530.402282714843750,,,,13930.983614579161440,2146461.810779859777540,2146461.811
7709,"1985",CA,CDF,AEU,0000045-007-85-V,SILVERLAKE,,1985/10/15 00:00:00.000,,0.000000000000000,227.740219116210938,,,,8868.198997591271109,921631.944498042808846,722066.678
7869,"2012",CA,CDF,AEU,Sly Park,Sly Park,"3",2012/11/20 00:00:00.000,2012/11/20 00:00:00.000,10.000000000000000,9.504386901855469,,,,1707.623099425887176,38462.889094250254857,38462.889
8760,"1996",CA,CDF,AEU,000000000004-038,IRON MTN CO OP,,,,0.000000000000000,184.096755981445312,,,,4871.573084104819827,745013.143471548683010,745013.144
8775,"1993",CA,CDF,AEU,00000004-028-AEU,DRAGON POINT,,1993/10/07 00:00:00.000,,0.000000000000000,158.264312744140653,,,,8541.585519407542961,640472.934298202162609,640472.933
8778,"1993",CA,CDF,AEU,00000004-024-AEU,UNION MINE,,1993/05/19 00:00:00.000,,0.000000000000000,57.698726654052734,,,,2085.118614614844319,233498.455769108579261,233498.455
8909,"2001",CA,CDF,AEU,00000RX4-048-AEU,HWY 88 FUELBREAK,,2001/06/03 00:00:00.000,,0.000000000000000,20.777027130126953,,,,1905.842664732416551,84081.642860765263322,51628.857
8916,"2001",CA,CDF,AEU,00000RX4-048-AEU,OMO RANCH,,2001/11/03 00:00:00.000,,35.000000000000000,35.382286071777344,,,,3112.313008023783823,143187.028799765481381,143187.033
8917,"2001",CA,CDF,AEU,00000RX4-048-AEU,OMO RANCH,,2001/05/04 00:00:00.000,,21.000000000000000,20.859786987304688,,,,1854.445857592244010,84416.566019142905134,84416.566
8918,"2002",CA,CDF,AEU,00000RX4-048-AEU,SHAKE RIDGE,,2002/05/03 00:00:00.000,,35.000000000000000,35.157482147216797,,,,1691.123597248446231,142277.286930094734998,136670.596
8919,"2002",CA,CDF,AEU,00000RX4-063-AEU,RUPLEY,,2002/10/22 00:00:00.000,,8.000000000000000,7.732476711273194,,,,1117.995865260799292,31292.223436585834861,31292.225
8920,"2002",CA,CDF,AEU,00000RX4-063-AEU,RUPLEY,,2002/10/24 00:00:00.000,,22.000000000000000,21.819551467895508,,,,1640.203834763602345,88300.591872009405051,88300.593
8921,"2002",CA,CDF,AEU,00000RX4-063-AEU,RUPLEY,,2002/10/24 00:00:00.000,,7.000000000000000,7.090886116027832,,,,748.183664443446219,28695.800995316945773,20263.484
8922,"2002",CA,CDF,AEU,00000RX4-048-AEU,SHAKE RIDGE,,2002/04/08 00:00:00.000,,28.000000000000000,27.678112030029297,,,,2492.068543749393029,112009.343607742513996,112009.343
8923,"2002",CA,CDF,AEU,00000RX4-048-AEU,SHAKE RIDGE,,2002/04/24 00:00:00.000,,60.000000000000000,60.520740509033203,,,,3154.357458153832340,244918.740094339445932,244918.741
8986,"1984",CA,CDF,AEU,0000045-11-84-VM,BARNEY RIDGE,,,,0.000000000000000,343.182922363281307,,,,7849.017012013026033,1388811.974664094392210,1388811.988
9055,"1982",CA,CDF,AEU,0000045-013-8182,SCHEIBER,,1982/10/03 00:00:00.000,,0.000000000000000,576.789367675781250,,,,9688.350622400055727,2334183.672471150755882,2334183.659
9056,"1982",CA,CDF,AEU,000000045-012-81,SLY PARK,,,,0.000000000000000,230.920837402343750,,,,7876.618678944473686,934503.496876038261689,934503.607
9093,"2004",CA,CDF,AEU,0000000000RX-062,OMO RANCH EXT.,,,,8.000000000000000,8.898394584655762,"4",,,700.088466387299377,36010.525450485911279,36010.525
9163,"2004",CA,CDF,AEU,0000000000RX-062,OMO RANCH EXT.,,,,20.000000000000000,20.495326995849609,"4",,,1959.722807126431462,82941.648451335335267,82941.649
9360,"1983",CA,CDF,AEU,0000045-008-8182,BROWN,,1983/08/25 00:00:00.000,,0.000000000000000,77.417694091796875,,,,3054.519250465845289,313298.285308318911120,313298.274
9569,"1989",CA,CDF,AEU,00000004-004-AEU,GOLD RIDGE FOREST,,1989/06/19 00:00:00.000,,0.000000000000000,394.128265380859375,,,,6400.317957057241074,1594980.462878957390785,67760.600
9570,"1989",CA,CDF,AEU,00000004-001-AEU,SLY PARK,,1989/10/12 00:00:00.000,,0.000000000000000,179.270050048828125,,,,10658.940513930139787,725480.153811054537073,725480.185
9635,"1995",CA,CDF,AEU,000000000004-038,IRON MTN CO OP,,,,0.000000000000000,277.418121337890625,,,,9542.167358051387055,1122671.319232469424605,1122671.319
9636,"1995",CA,CDF,AEU,000000000004-034,BIG INDIAN CREEK,,1995/05/10 00:00:00.000,,0.000000000000000,48.308944702148438,,,,1736.323926715696416,195499.357166730595054,195499.357
9638,"1995",CA,CDF,AEU,00000004-039-AEU,LITTLE INDIAN CREEK,,1995/11/02 00:00:00.000,,0.000000000000000,103.333992004394531,,,,3009.048280870440067,418177.831892987946048,418177.832
9639,"1995",CA,CDF,AEU,00000004-027-AEU,SPRINGER ROAD,,1995/10/27 00:00:00.000,,0.000000000000000,78.667144775390625,,,,2473.991614803248012,318354.639995489153080,318354.640
9880,"1983",CA,CDF,AEU,0000045-019-8283,FARNHAM RIDGE,,1983/01/11 00:00:00.000,,0.000000000000000,214.280426025390625,,,,12250.010917257450274,867162.103616838925518,867162.108
9892,"2002",CA,CDF,AEU,00000RX4-048-AEU,SHAKE RIDGE,,2002/05/09 00:00:00.000,,30.000000000000000,30.393943786621094,,,,3813.471668472331658,122999.926200412461185,122999.927
9893,"2002",CA,CDF,AEU,00000RX4-048-AEU,SHAKE RIDGE,,2002/10/21 00:00:00.000,2002/10/25 00:00:00.000,,8.948994636535646,,,,1001.128639338073981,36215.296312136488268,36215.296
10124,"1994",CA,CDF,AEU,000000000004-038,IRON MTN CO OP,,,,0.000000000000000,76.783180236816406,,,,4682.004044225735925,310730.507080069277436,310730.507
10324,"2004",CA,CDF,AEU,0000000000RX-062,OMO RANCH EXT.,,,,28.000000000000000,28.128818511962891,"4",,,2640.864182177212115,113833.288612819058471,113833.289
10460,"2006",CA,CDF,AEU,Rx-067,SHAKE/OMO VMP,"3",2006/10/31 00:00:00.000,2006/10/31 00:00:00.000,10.000000000000000,8.302013397216800,"4","3","2",1154.403436424775691,33597.055297178718320,33597.055
10461,"2006",CA,CDF,AEU,Rx-067,SHAKE/OMO VMP,"3",2006/10/31 00:00:00.000,2006/10/31 00:00:00.000,48.000000000000000,47.605716705322266,"4","3","2",2906.445637639319557,192653.492578886769479,190725.398
10462,"2005",CA,CDF,AEU,Rx-062,OMO RANCH EXT VMP,"3",2005/12/31 00:00:00.000,2005/12/31 00:00:00.000,80.000000000000000,79.381294250488281,"3","3","2",5137.867656591190098,321244.696907692123204,321244.698
10464,"2006",CA,CDF,AEU,Rx-067,SHAKE/OMO VMP,"3",2006/05/18 00:00:00.000,2006/05/18 00:00:00.000,46.000000000000000,45.554805755615234,"4","3","2",3684.393804121733410,184353.764034410618478,184353.764
10465,"2006",CA,CDF,AEU,Rx-067,SHAKE/OMO VMP,"3",2006/05/09 00:00:00.000,2006/05/09 00:00:00.000,18.000000000000000,17.868192672729492,"4","3","2",1226.242143583709094,72310.007619832904311,72310.008
10561,"1983",CA,CDF,AEU,0000045-002-83-C,JENKINSON LAKE,,,,0.000000000000000,204.635803222656250,,,,4638.498105479923652,828131.721005259663798,828131.721
10566,"1983",CA,CDF,AEU,0000045-001-83-C,SLUG GULCH,,,,0.000000000000000,42.257236480712891,,,,1942.476991972997439,171008.973704511154210,171008.967
10567,"1983",CA,CDF,AEU,0000045-025-8283,SMITH,,1983/04/06 00:00:00.000,,0.000000000000000,23.032417297363281,,,,1466.324229221350606,93208.886981294912403,93208.903
10599,"1990",CA,CDF,AEU,00000004-015-AEU,FRENCH CREEK (UNIT1),,1990/06/23 00:00:00.000,,0.000000000000000,20.423612594604492,,,,1568.255677978675749,82651.427433554912568,82651.415
10600,"1990",CA,CDF,AEU,00000004-015-AEU,FRENCH CREEK (UNIT2),,1990/06/23 00:00:00.000,,0.000000000000000,71.355079650878906,,,,2477.558476977473219,288763.776938175025862,288763.797
10636,"2001",CA,CDF,AEU,00000RX4-053-AEU,SLY PARK,,2001/01/18 00:00:00.000,,0.000000000000000,5.233926773071290,,,,625.509541656971464,21180.950039596275019,21180.952
10637,"2001",CA,CDF,AEU,00000RX4-053-AEU,SLY PARK,,2001/10/28 00:00:00.000,,0.000000000000000,23.762826919555664,,,,1622.953015111304012,96164.747270787265734,96164.734
10638,"2001",CA,CDF,AEU,00000RX4-053-AEU,SLY PARK,,2001/10/26 00:00:00.000,,0.000000000000000,7.647374153137208,,,,813.234007683213008,30947.820954529033770,30947.831
10639,"2001",CA,CDF,AEU,00000RX4-053-AEU,SLY PARK,,2001/10/22 00:00:00.000,,0.000000000000000,15.437290191650391,,,,1118.283644010298303,62472.497637150147057,62472.500
10640,"2001",CA,CDF,AEU,00000RX4-053-AEU,RUPLY,,2001/05/17 00:00:00.000,,0.000000000000000,16.689685821533203,,,,1562.165322959783452,67540.762143998377724,67540.766
10641,"2001",CA,CDF,AEU,00000RX4-053-AEU,RUPLY,,2001/05/16 00:00:00.000,,0.000000000000000,3.987858295440674,,,,617.746536539650833,16138.289701617160972,16138.290
10642,"2001",CA,CDF,AEU,00000RX4-053-AEU,RUPLY,,2001/11/09 00:00:00.000,,0.000000000000000,46.470790863037109,,,,2485.341605562058248,188060.622347834985703,188060.623
10643,"2001",CA,CDF,AEU,00000RX4-048-AEU,OMO RANCH,,2001/11/08 00:00:00.000,,0.000000000000000,17.325942993164062,,,,1545.667680225196818,70115.602999576527509,70115.604
10644,"2001",CA,CDF,AEU,00000RX4-048-AEU,SHAKE RIDGE,,2001/11/10 00:00:00.000,,0.000000000000000,47.698989868164062,,,,1845.294116491264958,193030.969235341850435,193030.967
10737,"2002",CA,CDF,AEU,00000RX4-048-AEU,SHAKE RIDGE,,2002/10/25 00:00:00.000,,12.000000000000000,12.495903968811035,,,,1041.308797316577511,50569.130773866454547,50569.129
10738,"2002",CA,CDF,AEU,00000RX4-048-AEU,SHAKE RIDGE,,2002/12/03 00:00:00.000,,56.000000000000000,55.885139465332031,,,,2063.848340835419549,226159.136419652932091,226159.137
10739,"2002",CA,CDF,AEU,00000RX4-048-AEU,SHAKE RIDGE,,2002/10/08 00:00:00.000,,43.000000000000000,43.723510742187507,,,,4419.163106092585622,176942.764867400983348,176942.765
10740,"2002",CA,CDF,AEU,00000RX4-048-AEU,SHAKE RIDGE,,2002/12/08 00:00:00.000,,9.000000000000000,8.943122863769531,,,,1492.235799590958322,36191.539451441734855,36191.539
10741,"2002",CA,CDF,AEU,00000RX4-053-AEU,SLY PARK,,2002/12/02 00:00:00.000,,17.000000000000000,17.049110412597656,,,,1728.499568572121916,68995.303569552706904,68995.309
10765,"2006",CA,USF,ENF,"0000000003254267",06 AMA CONSUMNES JACKPOT WUI,"11",,2006/01/18 00:00:00.000,365.857571971083587,365.858062744140625,,,,17341.866210763950221,1480575.102069122251123,1480575.105
10819,"2004",CA,CDF,AEU,Rx-067,Shake/Omo VMP,"3",2007/02/06 00:00:00.000,2007/02/06 00:00:00.000,83.000000000000000,83.609695434570327,"4","3","2",3134.433118446027038,338356.423818518873304,338356.424
10872,"2013",CA,CDF,AEU,2700-2001-VMP-009-008,Sly Park - Hazelnut 2,"3",2013/11/17 00:00:00.000,2013/11/17 00:00:00.000,9.000000000000000,9.302873611450195,,,,899.590542457705624,37647.394946681881265,35446.668
10873,"2013",CA,CDF,AEU,2700-2001-VMP-009-009,Sly Park - Park 1,"3",2013/11/17 00:00:00.000,2013/11/17 00:00:00.000,15.000000000000000,15.412465095520020,,,,1198.396258115780711,62372.036026893714734,57323.021
10876,"2013",CA,CDF,AEU,2700-2001-VMP-009-010,Sly Park - Hazelnut 1,"3",2013/11/17 00:00:00.000,2013/11/17 00:00:00.000,25.000000000000000,25.003601074218754,,,,1645.622649626967132,101185.980191413400462,101185.980
10983,"2012",CA,CDF,AEU,Sly Park,Sly Park,"3",2012/05/05 00:00:00.000,2012/05/10 00:00:00.000,6.000000000000000,4.926539897918702,,,,789.777693561907199,19937.000294368299365,19937.000
11063,"2012",CA,USF,ENF,"6300144000",TRAP RX BURN U17 1008 AC,"3",2012/01/01 00:00:00.000,2012/01/01 00:00:00.000,345.000000000000000,344.791717529296875,,,,11621.427247325384087,1395322.529879109701142,1392192.395
11088,"2011",CA,CDF,AEU,,SHAKE FIDDLE TOWN,"3",2011/10/30 00:00:00.000,2011/11/05 00:00:00.000,,64.923103332519531,"3","1","3",6668.149815096689053,262734.485514562518802,262734.485
11118,"2011",CA,USF,ENF,"0503566260026000002",MARSHALL MINE # 743,"3",2011/02/02 00:00:00.000,2011/02/02 00:00:00.000,13.893689487812876,13.893689155578613,,,,1350.274604610995993,56225.766534586909984,56225.767
11119,"2011",CA,USF,ENF,"0503566260027000003",MARSHALL MINE # 744,"3",2011/02/02 00:00:00.000,2011/02/02 00:00:00.000,10.227174645381982,10.227174758911133,,,,883.006786136652067,41387.907396670518210,41387.908
11120,"2011",CA,USF,ENF,"0503566290119000002",MARSHALL MINE # 751,"3",2011/02/02 00:00:00.000,2011/02/02 00:00:00.000,26.632964147073405,26.632965087890625,,,,1823.058524476130970,107779.782006132954848,107779.782
11259,"2011",CA,CDF,AEU,,SLY PARK,"3",2011/10/17 00:00:00.000,2011/10/17 00:00:00.000,,47.320510864257812,"1","2","2",3953.134899520723138,191499.315557806577999,191499.316
11344,"2010",CA,CDF,AEU,,SHAKE/ FIDDLE,"3",,,,35.623146057128906,"3","2","1",3806.112657571206000,144161.755892099608900,21556.371
11345,"2010",CA,CDF,AEU,,SHAKE/ FIDDLE,"3",,,,4.241406440734864,"3","2","1",1444.052429880107184,17164.361946405922936,14841.696
11346,"2010",CA,CDF,AEU,,SHAKE/ FIDDLE,"3",,,,8.429774284362797,"3","2","1",969.758199487368984,34114.087985216909146,161.563
11347,"2010",CA,CDF,AEU,,SHAKE/ FIDDLE,"3",,,,2.407122373580933,"3","2","1",440.183691567033691,9741.278523030363431,9741.279
11375,"2009",CA,CDF,AEU,AEU022956,SLY PARK,"3",2009/11/05 00:00:00.000,2009/11/05 00:00:00.000,28.000000000000000,27.689323425292969,"3","1","2",1954.504707180226660,112054.716556734900223,112054.717
11398,"2009",CA,CDF,AEU,AEU023037,SHAKE FIDDLE,"3",2009/11/06 00:00:00.000,2009/11/06 00:00:00.000,7.000000000000000,14.710730552673340,"2","1","2",1277.056180450182637,59532.215667398420919,59532.209
11400,"2009",CA,CDF,AEU,AEU023037,SHAKE FIDDLE,"3",2009/11/06 00:00:00.000,2009/11/06 00:00:00.000,66.000000000000000,66.047798156738281,"2","1","2",3075.555223584859505,267285.945437806309201,223408.432
11401,"2009",CA,CDF,AEU,AEU023037,SHAKE FIDDLE,"3",2009/11/06 00:00:00.000,2009/11/06 00:00:00.000,7.000000000000000,7.063986301422120,"2","1","2",756.725227471852804,28586.939513604618696,17978.342
11402,"2009",CA,CDF,AEU,AEU022956,SLY PARK,"3",2009/11/05 00:00:00.000,2009/11/05 00:00:00.000,28.000000000000000,27.689323425292969,"3","1","2",1954.504707180226660,112054.716556734900223,112054.717
11514,"2014",CA,USF,ENF,"6230616000",LAST CHANCE PRESCRIBED BURN,"3",2014/03/15 00:00:00.000,2014/03/15 00:00:00.000,66.000000000000000,66.225662231445312,,,,4066.595912925502944,268005.739808592363261,268005.741
11515,"2014",CA,USF,ENF,"6240189000",HENRYS PRESCRIVED BURN 1680 AC,"3",2014/03/15 00:00:00.000,2014/03/15 00:00:00.000,142.000000000000000,142.214233398437500,,,,4751.403078571109290,575520.586341835674830,575520.587
11516,"2014",CA,USF,ENF,"6250012000",MARSHALL MINE RX BURN,"3",2014/03/15 00:00:00.000,2014/03/15 00:00:00.000,95.000000000000000,95.274772644042983,,,,5350.868116259485760,385563.320039662881754,385563.319
11517,"2014",CA,USF,ENF,"6290030000",FIDDLER  # 30,"3",2014/03/15 00:00:00.000,2014/03/15 00:00:00.000,68.000000000000000,62.773353576660163,,,,3221.995193573506185,254034.750587252317928,254034.751
11775,"2018",CA,CDF,AEU,"7953",Early 2018 Broadcast,"3",2018/02/16 00:00:00.000,2018/05/19 00:00:00.000,78.000000000000000,78.104301452636719,,,,5173.022553630622497,316076.906935408595018,304961.981
11776,"2018",CA,CDF,AEU,"7951",Early 2018 Broadcast,"3",2018/02/15 00:00:00.000,2018/05/08 00:00:00.000,71.599999999999994,79.039543151855469,,,,6829.729200254268108,319861.667121015838347,247803.265
11974,"2018",CA,USF,ENF,"5810336010602",CALLECAT 141,"14",2018/11/30 00:00:00.000,2018/11/30 00:00:00.000,95.000000000000000,98.396972656250000,,,,2990.738040588893909,398198.418366527359467,398198.416
11976,"2018",CA,USF,ENF,"5810332010602",CALLECAT 142,"14",2018/11/30 00:00:00.000,2018/11/30 00:00:00.000,47.000000000000000,49.068439483642578,,,,3278.250439941381956,198572.922339342330815,198572.919
11977,"2018",CA,USF,ENF,"5810342010602",CALLECAT 146,"14",2018/11/30 00:00:00.000,2018/11/30 00:00:00.000,67.000000000000000,92.633872985839844,,,,2806.582478957705007,374875.982072384969797,374875.977
11978,"2018",CA,USF,ENF,"5810339010602",CALLECAT 148,"14",2018/11/30 00:00:00.000,2018/11/30 00:00:00.000,88.000000000000000,92.293357849121094,,,,3519.460184252638101,373497.964622581203002,373497.961
11988,"2018",CA,USF,ENF,"5876934010602",LOST HORSE BURN ONLY UNIT 2 FY18,"3",2018/06/08 00:00:00.000,2018/06/08 00:00:00.000,100.000000000000000,99.789619445800781,,,,3380.579612931306656,403834.250146856647916,403834.250
11990,"2018",CA,USF,ENF,"5810328010602",CALLECAT 140,"14",2018/11/30 00:00:00.000,2018/11/30 00:00:00.000,71.000000000000000,81.703353881835938,,,,3194.181159259524065,330641.755605309444945,330641.755
11998,"2018",CA,USF,ENF,"5810291010602",CALLECAT 133,"14",2018/11/30 00:00:00.000,2018/11/30 00:00:00.000,22.000000000000000,21.235218048095703,,,,1698.088176477198658,85935.874737186721177,85935.874
12073,"2018",CA,USF,ENF,"5806634010602",GRIZZLY COMPOUND FY19 PILE BURN 1*,"14",2018/12/10 00:00:00.000,2018/12/10 00:00:00.000,14.000000000000000,14.044331550598145,,,,1128.002365281279253,56835.394138669689710,56835.394
12077,"2018",CA,USF,ENF,"5702625010602",NWTF #30     107 AC FY19,"14",2018/11/30 00:00:00.000,2018/11/30 00:00:00.000,107.000000000000000,106.641784667968750,,,,3665.492627779892246,431563.997104639944155,431564.007
12870,"2019",CA,CDF,AEU,"9676",April 28 2019 Broadcast Burn,"3",2019/04/28 00:00:00.000,2019/04/28 00:00:00.000,16.899999999999999,16.881830215454102,,,,1408.632978197745388,68318.313226980855688,67245.542
12871,"2019",CA,CDF,AEU,"9677",April 29 2019 Broadcast Burn,"3",2019/04/29 00:00:00.000,2019/04/29 00:00:00.000,18.800000000000001,18.767692565917969,,,,1186.151737787358115,75950.128851675748592,75947.543
12882,"2019",CA,CDF,AEU,"10196","Oct 3&4, 2019 RX","3",2019/10/03 00:00:00.000,2019/10/04 00:00:00.000,16.699999999999999,16.733518600463867,,,,2940.283966448483625,67718.121458470530342,67718.122
12884,"2019",CA,CDF,AEU,"10283",Nov 14/15 2019 RX,"3",2019/11/14 00:00:00.000,2019/11/15 00:00:00.000,16.899999999999999,16.924518585205078,,,,1314.685744418801050,68491.070883724460145,66476.051
12886,"2019",CA,CDF,AEU,"10287",Nov 18/22 2019 RX,"3",2019/11/18 00:00:00.000,2019/11/22 00:00:00.000,7.700000000000000,7.673676967620850,,,,1319.333633124197831,31054.257243110689160,31054.257
13544,"2021",CA,CDF,AEU,"11825","April 16, 2021 Broadcast","3",2021/04/16 00:00:00.000,2021/04/16 00:00:00.000,30.300000000000001,30.313749313354492,,,,1862.986406565170910,122675.346856071730144,122675.347
13545,"2021",CA,CDF,AEU,"11826","April 22, 2021 Broadcast","3",2021/04/22 00:00:00.000,2021/04/22 00:00:00.000,17.400000000000002,17.429395675659180,,,,1220.692093124787107,70534.237921931198798,70534.238
13547,"2021",CA,CDF,AEU,"11829","April 9, 2021 Broadcast","3",2021/04/09 00:00:00.000,2021/04/09 00:00:00.000,2.200000000000000,2.213519334793091,,,,608.280926588053262,8957.793803047150504,4576.441
13555,"2021",CA,CDF,AEU,"12668",Dec 2021 Broadcast,"3",2021/12/01 00:00:00.000,2021/12/03 00:00:00.000,18.850000000000001,18.867277145385746,,,,2185.933094103844269,76353.133257084889919,76353.133
13741,"2006",CA,USF,ENF,"0000000003271145",06 PLV,"10",,2006/02/23 00:00:00.000,885.089345011422665,885.089965820312500,,,,15855.714471443854563,3581832.085972771514207,3581832.094
13787,"2010",CA,CDF,AEU,,SLY PARK,"10",,,,31.696765899658203,"3","2","1",2261.075384645878330,128272.261818360551842,128272.262
13788,"2010",CA,CDF,AEU,,SLY PARK,"10",,,,4.688348770141602,"3","2","2",1487.086280151056599,18973.074269097396609,18973.074
13789,"2010",CA,CDF,AEU,,SHAKE/ FIDDLE,"10",,,,0.154114514589310,"3","2","2",141.453975672152211,623.679322889925402,623.679
13790,"2010",CA,CDF,AEU,,SHAKE/ FIDDLE,"10",,,,15.072478294372559,"3","2","2",1376.450138397465253,60996.155483261303743,60996.155
13791,"2010",CA,CDF,AEU,,SHAKE/ FIDDLE,"10",,,,10.265574455261230,"3","2","2",1441.716065948009145,41543.307457111332042,40423.811
13838,"2015",CA,CDF,AEU,"3105",2015 Spring Piles,"10",2015/06/15 00:00:00.000,2015/06/24 00:00:00.000,7.300000000000000,6.690000057220460,,,,1398.193912931387104,27066.254977774253348,4010.209
